"Date","Price","Open","High","Low","Vol.","Change %"
"01/02/2018","12.776","12.661","12.818","12.593","4.92M","1.66%"
"01/03/2018","13.061","12.827","13.108","12.806","6.19M","2.23%"
"01/04/2018","13.406","13.185","13.462","13.117","8.97M","2.64%"
"01/05/2018","13.436","13.377","13.517","13.364","5.53M","0.22%"
"01/08/2018","13.445","13.479","13.534","13.385","3.99M","0.07%"
"01/09/2018","13.462","13.475","13.585","13.419","4.83M","0.13%"
"01/10/2018","13.406","13.504","13.624","13.368","5.84M","-0.42%"
"01/11/2018","13.517","13.406","13.539","13.381","5.70M","0.83%"
"01/12/2018","13.568","13.500","13.649","13.423","5.28M","0.38%"
"01/15/2018","13.585","13.577","13.594","13.517","3.26M","0.13%"
"01/16/2018","13.458","13.585","13.598","13.441","5.26M","-0.93%"
"01/17/2018","13.351","13.394","13.423","13.270","6.46M","-0.80%"
"01/18/2018","13.423","13.415","13.522","13.338","4.57M","0.54%"
"01/19/2018","13.279","13.360","13.423","13.253","5.55M","-1.07%"
"01/22/2018","13.526","13.304","13.526","13.291","4.44M","1.86%"
"01/23/2018","13.483","13.577","13.654","13.428","5.66M","-0.32%"
"01/24/2018","13.483","13.462","13.539","13.402","4.53M","0.00%"
"01/25/2018","13.398","13.415","13.530","13.398","4.51M","-0.63%"
"01/26/2018","13.223","13.351","13.355","13.134","6.73M","-1.31%"
"01/29/2018","13.168","13.227","13.279","13.168","3.64M","-0.42%"
"01/30/2018","12.895","13.057","13.117","12.891","5.90M","-2.07%"
"01/31/2018","12.916","12.870","13.044","12.810","6.61M","0.16%"
"02/01/2018","13.040","13.023","13.172","12.925","6.92M","0.96%"
"02/02/2018","12.818","13.100","13.198","12.793","5.46M","-1.70%"
"02/05/2018","12.631","12.784","12.801","12.588","5.56M","-1.46%"
"02/06/2018","12.256","12.235","12.473","12.030","8.84M","-2.97%"
"02/07/2018","12.503","12.460","12.605","12.324","7.47M","2.02%"
"02/08/2018","12.085","12.426","12.435","12.085","7.45M","-3.34%"
"02/09/2018","11.902","12.085","12.239","11.830","7.37M","-1.51%"
"02/12/2018","11.987","12.034","12.132","11.945","4.90M","0.71%"
"02/13/2018","11.906","12.017","12.034","11.830","4.90M","-0.68%"
"02/14/2018","11.783","11.928","11.983","11.651","6.26M","-1.03%"
"02/15/2018","11.719","11.889","11.966","11.651","4.49M","-0.54%"
"02/16/2018","11.838","11.851","11.881","11.698","5.48M","1.02%"
"02/19/2018","11.894","11.881","11.962","11.847","2.94M","0.47%"
"02/20/2018","12.034","11.945","12.128","11.932","5.55M","1.18%"
"02/21/2018","11.945","11.983","12.013","11.885","3.29M","-0.74%"
"02/22/2018","12.034","11.830","12.051","11.736","3.93M","0.75%"
"02/23/2018","12.064","12.090","12.119","11.970","3.29M","0.25%"
"02/26/2018","12.162","12.166","12.166","12.004","4.08M","0.81%"
"02/27/2018","12.111","12.188","12.188","12.077","3.04M","-0.42%"
"02/28/2018","12.533","12.188","12.639","11.983","10.42M","3.48%"
"03/01/2018","12.358","12.486","12.635","12.290","6.71M","-1.40%"
"03/02/2018","11.932","12.303","12.328","11.911","6.63M","-3.45%"
"03/05/2018","12.030","11.923","12.094","11.881","4.72M","0.82%"
"03/06/2018","12.137","12.137","12.200","12.017","5.19M","0.89%"
"03/07/2018","11.915","12.068","12.081","11.894","6.44M","-1.83%"
"03/08/2018","11.898","11.911","11.936","11.779","5.19M","-0.14%"
"03/09/2018","12.021","11.881","12.026","11.877","4.57M","1.03%"
"03/12/2018","12.034","12.073","12.132","11.996","4.52M","0.11%"
"03/13/2018","12.039","12.064","12.222","12.021","5.51M","0.04%"
"03/14/2018","11.932","12.017","12.098","11.923","5.83M","-0.89%"
"03/15/2018","11.898","11.958","12.000","11.868","4.70M","-0.28%"
"03/16/2018","12.119","11.847","12.166","11.762","9.30M","1.86%"
"03/19/2018","11.753","12.060","12.094","11.744","6.96M","-3.02%"
"03/20/2018","11.975","11.804","12.030","11.800","5.53M","1.89%"
"03/21/2018","12.149","12.021","12.149","11.962","4.94M","1.45%"
"03/22/2018","11.996","12.094","12.200","11.936","5.64M","-1.26%"
"03/23/2018","11.958","11.881","11.983","11.706","5.74M","-0.32%"
"03/26/2018","12.115","11.958","12.235","11.932","5.44M","1.31%"
"03/27/2018","12.256","12.307","12.448","12.196","5.64M","1.16%"
"03/28/2018","12.192","12.141","12.222","12.021","5.40M","-0.52%"
"03/29/2018","12.286","12.179","12.409","12.171","5.28M","0.77%"
"04/03/2018","12.358","12.171","12.384","12.132","4.09M","0.59%"
"04/04/2018","12.482","12.392","12.512","12.196","6.99M","1.00%"
"04/05/2018","12.767","12.631","12.840","12.537","7.17M","2.28%"
"04/06/2018","12.789","12.754","12.899","12.699","5.66M","0.17%"
"04/09/2018","12.763","12.827","12.925","12.720","5.28M","-0.20%"
"04/10/2018","13.036","12.870","13.036","12.870","7.06M","2.14%"
"04/11/2018","13.125","12.963","13.168","12.950","6.69M","0.68%"
"04/12/2018","13.232","13.151","13.270","13.091","6.89M","0.82%"
"04/13/2018","13.240","13.232","13.296","13.070","4.84M","0.06%"
"04/16/2018","13.138","13.227","13.240","13.087","4.53M","-0.77%"
"04/17/2018","13.172","13.198","13.227","13.134","3.76M","0.26%"
"04/18/2018","13.419","13.219","13.466","13.198","5.93M","1.88%"
"04/19/2018","13.411","13.449","13.509","13.253","4.65M","-0.06%"
"04/20/2018","13.402","13.334","13.530","13.274","3.84M","-0.07%"
"04/23/2018","13.445","13.441","13.487","13.377","4.04M","0.32%"
"04/24/2018","13.615","13.526","13.713","13.509","6.25M","1.26%"
"04/25/2018","13.381","13.441","13.466","13.308","4.42M","-1.72%"
"04/26/2018","13.470","13.368","13.492","13.308","3.98M","0.67%"
"04/27/2018","13.470","13.458","13.564","13.330","3.63M","0.00%"
"04/30/2018","13.509","13.423","13.530","13.423","3.78M","0.29%"
"05/02/2018","13.526","13.483","13.649","13.466","4.66M","0.13%"
"05/03/2018","13.551","13.517","13.611","13.479","3.52M","0.18%"
"05/04/2018","13.649","13.466","13.679","13.453","5.00M","0.72%"
"05/07/2018","13.845","13.637","13.850","13.637","4.34M","1.44%"
"05/08/2018","13.747","13.798","13.871","13.692","6.18M","-0.71%"
"05/09/2018","14.097","13.833","14.105","13.803","8.02M","2.55%"
"05/10/2018","14.037","14.114","14.144","13.948","4.97M","-0.43%"
"05/11/2018","14.182","14.063","14.182","13.867","5.60M","1.03%"
"05/14/2018","14.208","14.182","14.233","14.071","3.83M","0.18%"
"05/15/2018","14.267","14.208","14.348","14.139","4.82M","0.42%"
"05/16/2018","14.276","14.263","14.361","14.199","5.43M","0.06%"
"05/17/2018","14.566","14.310","14.608","14.254","8.15M","2.03%"
"05/18/2018","14.544","14.583","14.647","14.429","6.75M","-0.15%"
"05/21/2018","14.608","14.612","14.625","14.536","4.80M","0.44%"
"05/22/2018","14.625","14.621","14.702","14.519","6.06M","0.12%"
"05/23/2018","13.986","14.497","14.531","13.632","11.06M","-4.37%"
"05/24/2018","13.850","14.046","14.191","13.824","7.78M","-0.97%"
"05/25/2018","13.432","13.892","13.943","13.385","10.74M","-3.02%"
"05/28/2018","13.355","13.347","13.522","13.262","3.99M","-0.57%"
"05/29/2018","13.338","13.202","13.394","12.963","7.47M","-0.13%"
"05/30/2018","13.897","13.343","13.897","13.343","8.60M","4.19%"
"05/31/2018","13.897","13.948","14.012","13.756","13.40M","0.00%"
"06/01/2018","14.067","13.879","14.310","13.879","5.79M","1.22%"
"06/04/2018","14.024","14.101","14.293","13.999","4.96M","-0.31%"
"06/05/2018","13.990","14.041","14.267","13.973","5.41M","-0.24%"
"06/06/2018","14.408","14.139","14.540","14.063","9.27M","2.99%"
"06/07/2018","14.668","14.489","14.698","14.489","7.58M","1.80%"
"06/08/2018","14.519","14.587","14.681","14.468","5.19M","-1.02%"
"06/11/2018","14.727","14.629","14.766","14.510","6.73M","1.43%"
"06/12/2018","14.583","14.787","14.898","14.523","6.00M","-0.98%"
"06/13/2018","14.531","14.519","14.642","14.433","5.79M","-0.36%"
"06/14/2018","14.676","14.442","14.676","14.408","5.30M","1.00%"
"06/15/2018","14.591","14.745","14.804","14.489","10.57M","-0.58%"
"06/18/2018","14.579","14.557","14.609","14.382","6.04M","-0.08%"
"06/19/2018","14.531","14.496","14.557","14.373","5.37M","-0.33%"
"06/20/2018","14.295","14.579","14.640","14.269","9.21M","-1.62%"
"06/21/2018","14.203","14.343","14.369","14.146","6.16M","-0.64%"
"06/22/2018","14.596","14.212","14.679","14.164","7.54M","2.77%"
"06/25/2018","14.352","14.496","14.561","14.299","4.27M","-1.67%"
"06/26/2018","14.435","14.400","14.513","14.334","4.37M","0.58%"
"06/27/2018","14.688","14.509","14.780","14.421","7.24M","1.75%"
"06/28/2018","14.749","14.797","14.928","14.671","6.32M","0.42%"
"06/29/2018","14.653","14.797","14.867","14.653","6.18M","-0.65%"
"07/02/2018","14.579","14.539","14.671","14.400","3.82M","-0.51%"
"07/03/2018","14.736","14.684","14.863","14.622","3.80M","1.08%"
"07/04/2018","14.793","14.749","14.867","14.727","3.34M","0.39%"
"07/05/2018","15.081","14.767","15.164","14.749","7.17M","1.95%"
"07/06/2018","14.998","15.073","15.086","14.824","6.11M","-0.55%"
"07/09/2018","15.094","15.081","15.217","15.051","4.20M","0.64%"
"07/10/2018","15.108","15.234","15.304","15.064","5.89M","0.09%"
"07/11/2018","14.867","15.003","15.038","14.815","7.12M","-1.60%"
"07/12/2018","14.824","14.806","14.863","14.574","5.24M","-0.29%"
"07/13/2018","14.845","14.898","14.902","14.706","4.50M","0.14%"
"07/16/2018","14.684","14.858","14.959","14.649","4.35M","-1.08%"
"07/17/2018","14.701","14.710","14.775","14.509","3.96M","0.12%"
"07/18/2018","14.640","14.740","14.797","14.535","3.58M","-0.41%"
"07/19/2018","14.815","14.719","14.898","14.657","4.70M","1.20%"
"07/20/2018","14.732","14.819","14.850","14.609","4.45M","-0.56%"
"07/23/2018","14.736","14.653","14.797","14.601","2.96M","0.03%"
"07/24/2018","14.727","14.745","14.810","14.644","2.89M","-0.06%"
"07/25/2018","14.653","14.675","14.727","14.535","3.59M","-0.50%"
"07/26/2018","14.601","14.509","14.666","14.255","6.22M","-0.35%"
"07/27/2018","14.675","14.526","14.745","14.526","3.60M","0.51%"
"07/30/2018","14.771","14.662","14.837","14.601","3.98M","0.65%"
"07/31/2018","14.837","14.701","14.893","14.701","4.80M","0.45%"
"08/01/2018","14.775","14.824","14.858","14.688","4.15M","-0.42%"
"08/02/2018","14.758","14.710","14.854","14.688","6.18M","-0.12%"
"08/03/2018","14.850","14.806","14.898","14.749","3.99M","0.62%"
"08/06/2018","14.841","14.898","14.898","14.732","3.49M","-0.06%"
"08/07/2018","14.924","14.863","15.007","14.858","3.93M","0.56%"
"08/08/2018","14.920","14.946","15.051","14.867","3.94M","-0.03%"
"08/09/2018","14.863","14.885","14.885","14.775","4.07M","-0.38%"
"08/10/2018","14.727","14.758","14.775","14.618","4.51M","-0.92%"
"08/13/2018","14.605","14.640","14.666","14.553","3.86M","-0.83%"
"08/14/2018","14.465","14.675","14.701","14.408","4.81M","-0.96%"
"08/15/2018","14.146","14.465","14.470","14.072","4.68M","-2.21%"
"08/16/2018","14.199","14.207","14.295","14.094","3.48M","0.37%"
"08/17/2018","14.168","14.260","14.269","14.085","2.87M","-0.22%"
"08/20/2018","14.247","14.190","14.352","14.168","2.18M","0.56%"
"08/21/2018","14.356","14.290","14.426","14.247","3.02M","0.77%"
"08/22/2018","14.435","14.317","14.465","14.269","2.76M","0.55%"
"08/23/2018","14.347","14.408","14.500","14.308","3.32M","-0.61%"
"08/24/2018","14.421","14.312","14.456","14.308","3.14M","0.52%"
"08/27/2018","14.465","14.478","14.500","14.391","2.55M","0.31%"
"08/28/2018","14.509","14.439","14.566","14.404","3.57M","0.30%"
"08/29/2018","14.539","14.531","14.592","14.465","2.98M","0.21%"
"08/30/2018","14.570","14.570","14.666","14.456","2.53M","0.21%"
"08/31/2018","14.478","14.526","14.561","14.448","4.49M","-0.63%"
"09/03/2018","14.583","14.470","14.631","14.470","2.15M","0.73%"
"09/04/2018","14.771","14.692","14.854","14.666","5.75M","1.29%"
"09/05/2018","14.452","14.758","14.789","14.452","7.49M","-2.16%"
"09/06/2018","14.273","14.518","14.518","14.255","5.59M","-1.24%"
"09/07/2018","14.299","14.247","14.299","14.137","4.22M","0.18%"
"09/10/2018","14.352","14.334","14.404","14.290","3.73M","0.37%"
"09/11/2018","14.636","14.666","14.740","14.531","6.55M","1.98%"
"09/12/2018","14.968","14.596","15.016","14.596","7.02M","2.27%"
"09/13/2018","14.841","14.946","15.020","14.819","5.40M","-0.85%"
"09/14/2018","14.815","14.837","14.928","14.815","5.23M","-0.18%"
"09/17/2018","14.797","14.806","14.876","14.771","3.76M","-0.12%"
"09/18/2018","14.858","14.736","14.911","14.701","4.89M","0.41%"
"09/19/2018","14.858","14.920","15.055","14.832","7.89M","0.00%"
"09/20/2018","14.758","14.810","14.968","14.692","7.61M","-0.67%"
"09/21/2018","14.404","14.395","14.509","14.203","16.44M","-2.40%"
"09/24/2018","14.666","14.413","14.740","14.413","6.31M","1.82%"
"09/25/2018","14.885","14.740","15.094","14.740","11.29M","1.49%"
"09/26/2018","14.990","14.946","15.051","14.867","8.11M","0.71%"
"09/27/2018","15.033","14.990","15.108","14.990","8.48M","0.29%"
"09/28/2018","15.003","15.025","15.138","14.876","10.69M","-0.20%"
"10/01/2018","15.064","15.055","15.182","15.033","7.61M","0.41%"
"10/02/2018","15.033","15.112","15.217","15.007","7.71M","-0.21%"
"10/03/2018","14.994","15.077","15.199","14.994","4.55M","-0.26%"
"10/04/2018","14.994","14.990","15.182","14.972","6.03M","0.00%"
"10/05/2018","14.880","14.972","15.033","14.806","6.38M","-0.76%"
"10/08/2018","14.697","14.824","14.880","14.622","5.25M","-1.23%"
"10/09/2018","14.893","14.806","14.963","14.802","6.47M","1.33%"
"10/10/2018","14.924","14.990","15.208","14.898","7.20M","0.21%"
"10/11/2018","14.369","14.614","14.649","14.290","12.04M","-3.72%"
"10/12/2018","14.264","14.505","14.526","14.264","6.25M","-0.73%"
"10/15/2018","14.317","14.247","14.369","14.207","4.49M","0.37%"
"10/16/2018","14.338","14.303","14.430","14.155","4.72M","0.15%"
"10/17/2018","14.229","14.417","14.452","14.151","4.85M","-0.76%"
"10/18/2018","14.199","14.151","14.421","14.146","3.92M","-0.21%"
"10/19/2018","13.998","14.155","14.251","13.963","7.44M","-1.42%"
"10/22/2018","13.923","14.194","14.220","13.884","4.79M","-0.54%"
"10/23/2018","13.547","13.810","13.840","13.547","8.62M","-2.70%"
"10/24/2018","13.346","13.460","13.670","13.285","7.20M","-1.48%"
"10/25/2018","13.154","13.176","13.311","13.058","9.83M","-1.44%"
"10/26/2018","13.202","13.119","13.202","12.839","8.27M","0.36%"
"10/29/2018","13.290","13.276","13.473","13.263","5.33M","0.67%"
"10/30/2018","13.255","13.342","13.473","13.067","7.40M","-0.26%"
"10/31/2018","13.832","13.416","13.923","13.394","10.45M","4.35%"
"11/01/2018","13.600","13.687","13.832","13.438","9.16M","-1.68%"
"11/02/2018","13.635","13.722","13.797","13.578","7.36M","0.26%"
"11/05/2018","13.727","13.679","13.901","13.622","5.21M","0.67%"
"11/06/2018","13.665","13.687","13.766","13.622","5.71M","-0.45%"
"11/07/2018","13.783","13.766","14.011","13.705","6.70M","0.86%"
"11/08/2018","13.832","13.849","13.936","13.709","5.87M","0.36%"
"11/09/2018","13.853","13.727","13.875","13.639","5.28M","0.15%"
"11/12/2018","13.810","14.033","14.168","13.797","4.89M","-0.31%"
"11/13/2018","13.692","13.762","13.766","13.486","6.50M","-0.85%"
"11/14/2018","13.552","13.473","13.661","13.176","8.16M","-1.02%"
"11/15/2018","13.718","13.574","13.744","13.547","4.67M","1.22%"
"11/16/2018","13.683","13.845","14.028","13.644","6.39M","-0.26%"
"11/19/2018","13.644","13.722","13.805","13.609","3.65M","-0.29%"
"11/20/2018","13.360","13.644","13.740","13.333","7.33M","-2.08%"
"11/21/2018","13.547","13.360","13.600","13.329","4.40M","1.40%"
"11/22/2018","13.338","13.526","13.534","13.316","5.82M","-1.54%"
"11/23/2018","12.988","13.307","13.381","12.927","7.99M","-2.62%"
"11/26/2018","13.242","13.067","13.259","13.049","4.96M","1.96%"
"11/27/2018","13.080","13.215","13.294","13.049","5.82M","-1.22%"
"11/28/2018","12.971","13.115","13.185","12.962","7.02M","-0.83%"
"11/29/2018","13.233","12.988","13.294","12.940","5.93M","2.02%"
"11/30/2018","13.329","13.320","13.373","13.198","5.72M","0.73%"
"12/03/2018","13.373","13.648","13.727","13.373","5.96M","0.33%"
"12/04/2018","13.373","13.390","13.482","13.346","5.37M","0.00%"
"12/05/2018","13.158","13.246","13.250","13.124","4.68M","-1.61%"
"12/06/2018","12.512","13.071","13.102","12.512","10.40M","-4.91%"
"12/07/2018","12.923","12.569","13.054","12.542","9.26M","3.28%"
"12/10/2018","12.586","12.796","12.853","12.551","6.74M","-2.61%"
"12/11/2018","12.770","12.691","13.041","12.582","9.40M","1.46%"
"12/12/2018","12.905","12.831","12.984","12.831","6.51M","1.06%"
"12/13/2018","13.049","12.848","13.084","12.826","7.65M","1.12%"
"12/14/2018","12.927","13.019","13.067","12.927","4.76M","-0.93%"
"12/17/2018","12.857","12.892","13.032","12.857","5.38M","-0.54%"
"12/18/2018","12.730","12.774","12.844","12.678","8.76M","-0.99%"
"12/19/2018","12.818","12.682","12.905","12.617","7.37M","0.69%"
"12/20/2018","12.512","12.638","12.652","12.464","10.05M","-2.39%"
"12/21/2018","12.560","12.516","12.643","12.407","11.98M","0.38%"
"12/24/2018","12.457","12.645","12.676","12.413","2.65M","-0.82%"
"12/27/2018","12.252","12.556","12.613","12.136","7.32M","-1.65%"
"12/28/2018","12.636","12.324","12.680","12.324","5.95M","3.13%"
"12/31/2018","12.560","12.676","12.729","12.560","1.59M","-0.60%"
"01/02/2019","12.698","12.471","12.765","12.297","4.82M","1.10%"
"01/03/2019","12.716","12.524","12.828","12.511","4.20M","0.14%"
"01/04/2019","13.019","12.854","13.117","12.810","6.27M","2.38%"
"01/07/2019","12.912","13.077","13.109","12.783","4.94M","-0.82%"
"01/08/2019","12.926","12.886","13.193","12.881","5.69M","0.11%"
"01/09/2019","13.109","13.024","13.153","12.894","5.61M","1.42%"
"01/10/2019","13.180","13.037","13.198","12.984","5.24M","0.54%"
"01/11/2019","13.158","13.189","13.291","13.024","5.57M","-0.17%"
"01/14/2019","13.086","13.002","13.140","12.894","4.93M","-0.55%"
"01/15/2019","13.060","13.140","13.256","12.952","6.59M","-0.20%"
"01/16/2019","13.068","13.104","13.140","12.961","5.50M","0.06%"
"01/17/2019","13.162","13.006","13.216","12.961","4.82M","0.72%"
"01/18/2019","13.381","13.256","13.474","13.202","6.56M","1.66%"
"01/21/2019","13.202","13.390","13.448","13.162","4.80M","-1.34%"
"01/22/2019","13.229","13.220","13.305","13.144","5.19M","0.20%"
"01/23/2019","13.180","13.184","13.363","13.149","4.50M","-0.37%"
"01/24/2019","13.425","13.198","13.470","13.162","6.20M","1.86%"
"01/25/2019","13.421","13.488","13.546","13.390","3.27M","-0.03%"
"01/28/2019","13.175","13.372","13.372","13.175","4.36M","-1.83%"
"01/29/2019","13.390","13.229","13.483","13.095","5.50M","1.63%"
"01/30/2019","13.492","13.372","13.501","13.314","3.78M","0.76%"
"01/31/2019","13.675","13.550","13.679","13.541","6.16M","1.36%"
"02/01/2019","13.622","13.630","13.657","13.528","4.34M","-0.39%"
"02/04/2019","13.586","13.630","13.679","13.421","4.89M","-0.26%"
"02/05/2019","13.742","13.613","13.845","13.613","6.84M","1.15%"
"02/06/2019","13.711","13.720","13.769","13.546","3.94M","-0.23%"
"02/07/2019","13.403","13.595","13.657","13.403","6.55M","-2.25%"
"02/08/2019","13.256","13.349","13.398","13.202","4.97M","-1.10%"
"02/11/2019","13.278","13.305","13.421","13.260","4.30M","0.17%"
"02/12/2019","13.390","13.372","13.537","13.309","5.41M","0.84%"
"02/13/2019","13.456","13.488","13.488","13.349","3.87M","0.49%"
"02/14/2019","13.376","13.523","13.559","13.372","4.00M","-0.59%"
"02/15/2019","13.532","13.354","13.644","13.345","5.65M","1.17%"
"02/18/2019","13.555","13.586","13.657","13.523","2.58M","0.17%"
"02/19/2019","13.479","13.514","13.564","13.434","4.00M","-0.56%"
"02/20/2019","13.564","13.510","13.599","13.412","3.88M","0.63%"
"02/21/2019","13.550","13.568","13.604","13.510","3.42M","-0.10%"
"02/22/2019","13.519","13.483","13.626","13.479","3.49M","-0.23%"
"02/25/2019","13.398","13.568","13.617","13.398","5.84M","-0.90%"
"02/26/2019","13.497","13.412","13.519","13.341","4.54M","0.74%"
"02/27/2019","13.514","13.501","13.537","13.434","4.03M","0.13%"
"02/28/2019","13.492","13.537","13.590","13.318","6.82M","-0.16%"
"03/01/2019","13.483","13.577","13.630","13.474","4.01M","-0.07%"
"03/04/2019","13.470","13.497","13.528","13.407","3.43M","-0.10%"
"03/05/2019","13.456","13.470","13.483","13.390","3.62M","-0.10%"
"03/06/2019","13.470","13.385","13.497","13.291","5.47M","0.10%"
"03/07/2019","13.439","13.470","13.541","13.403","3.71M","-0.23%"
"03/08/2019","13.162","13.336","13.403","13.117","6.10M","-2.06%"
"03/11/2019","13.251","13.202","13.265","13.175","3.59M","0.68%"
"03/12/2019","13.193","13.278","13.314","13.149","5.39M","-0.44%"
"03/13/2019","13.367","13.193","13.398","13.193","5.83M","1.32%"
"03/14/2019","13.390","13.398","13.568","13.385","6.09M","0.17%"
"03/15/2019","13.381","13.465","13.537","13.345","13.71M","-0.07%"
"03/18/2019","13.702","13.470","13.746","13.394","7.32M","2.40%"
"03/19/2019","13.840","13.706","13.969","13.702","6.03M","1.01%"
"03/20/2019","13.804","13.760","13.867","13.746","4.51M","-0.26%"
"03/21/2019","13.795","13.791","13.880","13.760","4.38M","-0.07%"
"03/22/2019","13.568","13.800","13.818","13.514","5.48M","-1.65%"
"03/25/2019","13.465","13.474","13.581","13.430","3.89M","-0.76%"
"03/26/2019","13.514","13.492","13.590","13.434","3.93M","0.36%"
"03/27/2019","13.617","13.528","13.662","13.443","4.26M","0.76%"
"03/28/2019","13.506","13.599","13.675","13.456","4.53M","-0.82%"
"03/29/2019","13.613","13.635","13.671","13.532","3.96M","0.79%"
"04/01/2019","13.720","13.657","13.791","13.626","4.87M","0.79%"
"04/02/2019","13.715","13.746","13.804","13.675","4.19M","-0.04%"
"04/03/2019","13.769","13.827","13.885","13.769","4.19M","0.39%"
"04/04/2019","13.630","13.737","13.737","13.479","6.42M","-1.01%"
"04/05/2019","13.684","13.644","13.804","13.635","5.99M","0.40%"
"04/08/2019","13.626","13.666","13.697","13.541","5.89M","-0.42%"
"04/09/2019","13.425","13.622","13.733","13.390","6.62M","-1.48%"
"04/10/2019","13.644","13.474","13.751","13.474","6.59M","1.63%"
"04/11/2019","13.492","13.622","13.644","13.465","4.60M","-1.11%"
"04/12/2019","13.448","13.546","13.604","13.430","4.68M","-0.33%"
"04/15/2019","13.376","13.443","13.452","13.278","6.69M","-0.54%"
"04/16/2019","13.260","13.327","13.412","13.225","5.04M","-0.87%"
"04/17/2019","13.412","13.332","13.528","13.278","5.54M","1.15%"
"04/18/2019","13.439","13.407","13.474","13.305","3.14M","0.20%"
"04/23/2019","13.546","13.653","13.693","13.519","7.18M","0.80%"
"04/24/2019","13.207","13.514","13.523","13.207","7.27M","-2.50%"
"04/25/2019","13.283","13.211","13.318","13.091","4.88M","0.58%"
"04/26/2019","13.153","13.278","13.287","13.104","5.45M","-0.98%"
"04/29/2019","13.153","13.149","13.184","13.024","4.69M","0.00%"
"04/30/2019","13.497","13.247","13.671","13.229","8.58M","2.62%"
"05/02/2019","13.225","13.528","13.528","13.180","7.35M","-2.02%"
"05/03/2019","13.167","13.278","13.296","13.167","4.14M","-0.44%"
"05/06/2019","13.055","12.997","13.055","12.890","4.48M","-0.85%"
"05/07/2019","12.819","13.060","13.077","12.779","6.53M","-1.81%"
"05/08/2019","12.863","12.828","12.957","12.765","7.00M","0.34%"
"05/09/2019","12.729","12.801","12.819","12.694","6.29M","-1.04%"
"05/10/2019","12.743","12.801","12.819","12.663","4.08M","0.11%"
"05/13/2019","12.676","12.743","12.801","12.645","4.18M","-0.53%"
"05/14/2019","12.863","12.676","12.886","12.636","4.57M","1.48%"
"05/15/2019","12.935","12.894","12.961","12.792","4.01M","0.56%"
"05/16/2019","13.100","12.908","13.109","12.863","5.11M","1.28%"
"05/17/2019","13.193","13.104","13.229","13.002","6.27M","0.71%"
"05/20/2019","13.274","13.207","13.412","13.207","5.65M","0.61%"
"05/21/2019","13.434","13.300","13.461","13.256","5.17M","1.21%"
"05/22/2019","13.345","13.416","13.470","13.327","4.44M","-0.66%"
"05/23/2019","12.877","13.220","13.390","12.823","8.39M","-3.51%"
"05/24/2019","12.948","12.970","13.028","12.899","5.66M","0.55%"
"05/27/2019","13.046","13.019","13.131","13.015","2.54M","0.76%"
"05/28/2019","13.100","13.051","13.184","13.024","7.47M","0.41%"
"05/29/2019","12.837","12.997","12.997","12.787","5.44M","-2.01%"
"05/30/2019","13.006","12.975","13.068","12.930","5.73M","1.32%"
"05/31/2019","12.899","12.854","12.935","12.783","5.70M","-0.82%"
"06/03/2019","12.921","12.792","12.966","12.654","5.48M","0.17%"
"06/04/2019","13.051","12.819","13.117","12.783","6.60M","1.01%"
"06/05/2019","12.966","13.051","13.175","12.966","6.56M","-0.65%"
"06/06/2019","13.015","13.037","13.104","12.975","5.91M","0.38%"
"06/07/2019","13.077","13.104","13.233","13.068","5.26M","0.48%"
"06/10/2019","13.051","13.175","13.211","13.051","2.46M","-0.20%"
"06/11/2019","13.086","13.122","13.171","13.077","5.81M","0.27%"
"06/12/2019","12.819","12.988","13.015","12.819","5.78M","-2.04%"
"06/13/2019","12.841","12.845","12.957","12.810","5.30M","0.17%"
"06/14/2019","12.756","12.845","12.903","12.698","7.05M","-0.66%"
"06/17/2019","12.474","12.721","12.721","12.474","7.43M","-2.21%"
"06/18/2019","12.699","12.511","12.708","12.424","7.35M","1.80%"
"06/19/2019","12.529","12.717","12.753","12.529","7.43M","-1.34%"
"06/20/2019","12.689","12.612","12.753","12.452","8.22M","1.28%"
"06/21/2019","12.877","12.708","12.877","12.689","9.95M","1.48%"
"06/24/2019","12.726","12.804","12.968","12.699","5.63M","-1.17%"
"06/25/2019","12.598","12.735","12.740","12.543","5.46M","-1.01%"
"06/26/2019","12.712","12.662","12.753","12.635","5.57M","0.90%"
"06/27/2019","12.543","12.753","12.758","12.538","4.63M","-1.33%"
"06/28/2019","12.612","12.548","12.612","12.447","6.04M","0.55%"
"07/01/2019","12.895","12.726","12.895","12.694","6.06M","2.24%"
"07/02/2019","12.753","12.827","12.936","12.753","4.81M","-1.10%"
"07/03/2019","12.603","12.726","12.753","12.603","5.46M","-1.18%"
"07/04/2019","12.598","12.603","12.689","12.538","5.87M","-0.04%"
"07/05/2019","12.570","12.625","12.653","12.552","3.20M","-0.22%"
"07/08/2019","12.584","12.621","12.667","12.552","4.14M","0.11%"
"07/09/2019","12.529","12.534","12.566","12.433","4.48M","-0.44%"
"07/10/2019","12.616","12.543","12.703","12.442","6.21M","0.69%"
"07/11/2019","12.667","12.717","12.776","12.630","4.39M","0.40%"
"07/12/2019","12.763","12.671","12.808","12.671","3.60M","0.76%"
"07/15/2019","12.735","12.763","12.808","12.680","3.17M","-0.22%"
"07/16/2019","12.607","12.699","12.721","12.603","4.72M","-1.01%"
"07/17/2019","12.346","12.548","12.552","12.346","4.87M","-2.07%"
"07/18/2019","12.145","12.305","12.319","12.127","6.40M","-1.63%"
"07/19/2019","12.173","12.205","12.269","12.099","5.10M","0.23%"
"07/22/2019","12.163","12.218","12.255","12.150","3.57M","-0.08%"
"07/23/2019","12.333","12.241","12.401","12.177","3.94M","1.40%"
"07/24/2019","13.074","12.808","13.101","12.648","11.24M","6.01%"
"07/25/2019","13.302","13.193","13.394","13.078","8.82M","1.74%"
"07/26/2019","13.344","13.307","13.430","13.179","6.23M","0.32%"
"07/29/2019","13.330","13.316","13.348","13.238","4.01M","-0.10%"
"07/30/2019","13.147","13.348","13.421","13.065","6.74M","-1.37%"
"07/31/2019","13.161","13.215","13.330","13.161","4.51M","0.11%"
"08/01/2019","13.055","13.188","13.188","12.973","3.80M","-0.81%"
"08/02/2019","12.639","12.818","12.886","12.589","6.34M","-3.19%"
"08/05/2019","12.424","12.566","12.570","12.356","4.55M","-1.70%"
"08/06/2019","12.264","12.406","12.484","12.264","5.21M","-1.29%"
"08/07/2019","12.040","12.282","12.356","12.008","8.91M","-1.83%"
"08/08/2019","12.104","12.168","12.241","12.035","5.85M","0.53%"
"08/09/2019","12.003","12.122","12.150","11.930","5.57M","-0.83%"
"08/12/2019","11.852","12.044","12.086","11.834","5.32M","-1.26%"
"08/13/2019","11.976","11.820","12.127","11.756","6.04M","1.05%"
"08/14/2019","11.619","11.985","11.990","11.578","7.01M","-2.98%"
"08/15/2019","11.418","11.660","11.706","11.313","6.22M","-1.73%"
"08/16/2019","11.413","11.450","11.518","11.377","4.39M","-0.04%"
"08/19/2019","11.729","11.546","11.729","11.496","4.66M","2.77%"
"08/20/2019","11.486","11.646","11.683","11.486","5.99M","-2.07%"
"08/21/2019","11.711","11.555","11.775","11.555","3.85M","1.96%"
"08/22/2019","11.697","11.665","11.839","11.601","4.75M","-0.12%"
"08/23/2019","11.482","11.720","11.738","11.459","4.67M","-1.84%"
"08/26/2019","11.523","11.427","11.587","11.395","2.10M","0.36%"
"08/27/2019","11.482","11.482","11.660","11.463","4.72M","-0.36%"
"08/28/2019","11.784","11.541","11.784","11.463","5.95M","2.63%"
"08/29/2019","11.953","11.701","11.967","11.651","5.98M","1.43%"
"08/30/2019","12.095","11.980","12.241","11.971","9.11M","1.19%"
"09/02/2019","12.232","12.108","12.310","12.108","4.66M","1.13%"
"09/03/2019","12.177","12.246","12.323","12.127","8.73M","-0.45%"
"09/04/2019","12.406","12.305","12.433","12.223","5.74M","1.88%"
"09/05/2019","12.603","12.342","12.735","12.342","6.47M","1.59%"
"09/06/2019","12.456","12.598","12.612","12.447","6.55M","-1.17%"
"09/09/2019","12.699","12.566","12.735","12.552","5.01M","1.95%"
"09/10/2019","12.950","12.763","12.987","12.753","6.13M","1.98%"
"09/11/2019","12.822","13.014","13.055","12.813","4.74M","-0.99%"
"09/12/2019","12.657","12.813","12.818","12.525","6.72M","-1.29%"
"09/13/2019","12.795","12.671","12.900","12.653","5.51M","1.09%"
"09/16/2019","12.932","13.042","13.188","12.895","10.51M","1.07%"
"09/17/2019","12.822","13.010","13.069","12.644","11.27M","-0.85%"
"09/18/2019","12.868","12.735","12.941","12.680","7.58M","0.36%"
"09/19/2019","13.046","12.877","13.115","12.785","6.29M","1.38%"
"09/20/2019","13.000","13.005","13.119","12.877","12.61M","-0.35%"
"09/23/2019","13.087","13.042","13.110","12.932","5.01M","0.67%"
"09/24/2019","12.959","13.129","13.151","12.891","4.78M","-0.98%"
"09/25/2019","12.886","12.859","12.936","12.726","4.38M","-0.56%"
"09/26/2019","12.950","12.840","13.051","12.840","4.37M","0.50%"
"09/27/2019","13.087","13.014","13.206","13.014","5.45M","1.06%"
"09/30/2019","13.119","13.097","13.202","13.005","5.31M","0.24%"
"10/01/2019","13.087","13.129","13.220","13.019","4.55M","-0.24%"
"10/02/2019","12.781","13.101","13.101","12.781","9.66M","-2.34%"
"10/03/2019","12.566","12.763","12.763","12.465","6.33M","-1.68%"
"10/04/2019","12.612","12.607","12.689","12.538","4.43M","0.37%"
"10/07/2019","12.895","12.653","12.895","12.575","6.27M","2.24%"
"10/08/2019","12.753","12.918","12.973","12.621","4.05M","-1.10%"
"10/09/2019","12.891","12.639","12.959","12.593","4.92M","1.08%"
"10/10/2019","13.092","12.850","13.151","12.827","5.83M","1.56%"
"10/11/2019","13.316","13.142","13.316","13.138","6.62M","1.71%"
"10/14/2019","13.289","13.202","13.302","13.147","4.29M","-0.20%"
"10/15/2019","13.463","13.348","13.517","13.270","7.01M","1.31%"
"10/16/2019","13.481","13.412","13.563","13.330","5.86M","0.13%"
"10/17/2019","13.426","13.412","13.682","13.389","6.92M","-0.41%"
"10/18/2019","13.266","13.417","13.490","13.229","6.92M","-1.19%"
"10/21/2019","13.330","13.238","13.421","13.234","3.88M","0.48%"
"10/22/2019","13.357","13.380","13.440","13.325","4.53M","0.20%"
"10/23/2019","13.517","13.316","13.527","13.316","4.36M","1.20%"
"10/24/2019","13.655","13.540","13.723","13.522","4.70M","1.02%"
"10/25/2019","13.714","13.655","13.755","13.623","3.91M","0.43%"
"10/28/2019","13.828","13.760","13.897","13.723","4.86M","0.83%"
"10/29/2019","13.769","13.801","13.828","13.636","4.98M","-0.43%"
"10/30/2019","13.668","13.737","13.810","13.595","4.71M","-0.73%"
"10/31/2019","13.449","13.591","14.007","13.421","16.44M","-1.60%"
"11/01/2019","13.856","13.796","13.906","13.728","7.51M","3.03%"
"11/04/2019","14.153","13.966","14.263","13.902","7.31M","2.14%"
"11/05/2019","14.103","14.140","14.332","14.075","7.95M","-0.35%"
"11/06/2019","13.842","14.043","14.098","13.806","6.77M","-1.85%"
"11/07/2019","13.856","13.842","13.947","13.650","6.95M","0.10%"
"11/08/2019","13.760","13.870","13.870","13.613","5.38M","-0.69%"
"11/11/2019","13.751","13.760","13.787","13.600","6.29M","-0.07%"
"11/12/2019","13.742","13.810","13.897","13.664","4.71M","-0.07%"
"11/13/2019","13.467","13.613","13.636","13.380","7.87M","-2.00%"
"11/14/2019","13.353","13.421","13.522","13.353","4.59M","-0.85%"
"11/15/2019","13.440","13.435","13.513","13.316","4.45M","0.65%"
"11/18/2019","13.385","13.430","13.527","13.339","3.51M","-0.41%"
"11/19/2019","13.371","13.371","13.499","13.316","3.49M","-0.10%"
"11/20/2019","13.307","13.312","13.348","13.156","4.52M","-0.48%"
"11/21/2019","13.215","13.225","13.270","13.142","5.28M","-0.69%"
"11/22/2019","13.357","13.238","13.449","13.238","5.19M","1.07%"
"11/25/2019","13.430","13.449","13.495","13.389","3.14M","0.55%"
"11/26/2019","13.348","13.440","13.440","13.312","8.74M","-0.61%"
"11/27/2019","13.266","13.417","13.421","13.238","3.29M","-0.61%"
"11/28/2019","13.179","13.252","13.289","13.161","4.66M","-0.66%"
"11/29/2019","13.074","13.138","13.206","13.037","4.59M","-0.80%"
"12/02/2019","12.941","13.092","13.188","12.882","5.55M","-1.02%"
"12/03/2019","12.895","12.900","12.927","12.785","6.13M","-0.36%"
"12/04/2019","13.129","12.891","13.165","12.891","6.21M","1.81%"
"12/05/2019","13.119","13.183","13.266","13.110","5.91M","-0.08%"
"12/06/2019","13.389","13.161","13.435","13.124","4.45M","2.06%"
"12/09/2019","13.229","13.412","13.417","13.202","4.54M","-1.20%"
"12/10/2019","13.129","13.179","13.211","13.019","4.57M","-0.76%"
"12/11/2019","13.129","13.183","13.234","13.124","5.08M","0.00%"
"12/12/2019","13.151","13.165","13.211","12.973","5.16M","0.17%"
"12/13/2019","13.106","13.266","13.298","13.069","6.58M","-0.34%"
"12/16/2019","13.174","13.211","13.238","13.124","6.10M","0.52%"
"12/17/2019","13.095","13.184","13.250","13.090","6.74M","-0.60%"
"12/18/2019","13.114","13.095","13.240","13.081","6.57M","0.15%"
"12/19/2019","13.114","13.100","13.132","13.048","6.52M","0.00%"
"12/20/2019","13.212","13.090","13.222","13.090","9.96M","0.75%"
"12/23/2019","13.273","13.170","13.273","13.151","3.26M","0.46%"
"12/24/2019","13.278","13.278","13.278","13.170","1.35M","0.04%"
"12/27/2019","13.320","13.278","13.381","13.254","3.14M","0.32%"
"12/30/2019","13.250","13.301","13.320","13.250","2.10M","-0.53%"
"12/31/2019","13.067","13.226","13.226","13.067","2.37M","-1.38%"
"01/02/2020","13.193","13.161","13.259","13.109","2.93M","0.96%"
"01/03/2020","13.358","13.231","13.395","13.189","5.08M","1.25%"
"01/06/2020","13.461","13.376","13.578","13.376","4.12M","0.77%"
"01/07/2020","13.348","13.475","13.526","13.348","6.76M","-0.84%"
"01/08/2020","13.470","13.348","13.484","13.278","4.92M","0.91%"
"01/09/2020","13.292","13.508","13.512","13.283","7.30M","-1.32%"
"01/10/2020","13.433","13.367","13.512","13.259","4.01M","1.06%"
"01/13/2020","13.362","13.461","13.461","13.259","2.72M","-0.53%"
"01/14/2020","13.353","13.362","13.395","13.297","3.22M","-0.07%"
"01/15/2020","13.226","13.334","13.358","13.175","3.93M","-0.95%"
"01/16/2020","13.268","13.217","13.381","13.203","3.67M","0.32%"
"01/17/2020","13.170","13.320","13.358","13.147","4.44M","-0.74%"
"01/20/2020","13.057","13.193","13.203","13.006","3.38M","-0.86%"
"01/21/2020","12.921","12.996","12.996","12.865","4.68M","-1.04%"
"01/22/2020","12.757","12.945","12.954","12.757","6.82M","-1.27%"
"01/23/2020","12.316","12.663","12.663","12.237","11.81M","-3.46%"
"01/24/2020","12.288","12.312","12.410","12.279","7.13M","-0.23%"
"01/27/2020","11.866","12.133","12.133","11.866","7.99M","-3.43%"
"01/28/2020","11.979","11.922","12.026","11.810","6.63M","0.95%"
"01/29/2020","12.002","12.091","12.119","11.913","7.10M","0.19%"
"01/30/2020","11.800","11.890","11.951","11.763","6.93M","-1.68%"
"01/31/2020","11.693","11.894","11.894","11.641","6.63M","-0.91%"
"02/03/2020","11.524","11.693","11.702","11.524","6.26M","-1.45%"
"02/04/2020","11.800","11.613","11.815","11.585","7.13M","2.40%"
"02/05/2020","12.002","11.768","12.124","11.716","7.03M","1.71%"
"02/06/2020","12.030","12.129","12.166","11.955","6.84M","0.23%"
"02/07/2020","11.965","12.035","12.035","11.922","4.57M","-0.54%"
"02/10/2020","11.810","11.960","11.974","11.810","4.86M","-1.30%"
"02/11/2020","11.955","11.894","11.960","11.829","5.37M","1.23%"
"02/12/2020","11.979","11.993","12.096","11.969","5.59M","0.20%"
"02/13/2020","11.880","11.960","11.960","11.768","6.06M","-0.83%"
"02/14/2020","11.866","11.899","11.979","11.838","3.85M","-0.12%"
"02/17/2020","11.749","11.786","11.866","11.739","5.33M","-0.99%"
"02/18/2020","11.580","11.725","11.758","11.575","7.47M","-1.44%"
"02/19/2020","11.585","11.707","11.707","11.514","6.93M","0.04%"
"02/20/2020","11.533","11.524","11.754","11.500","6.85M","-0.45%"
"02/21/2020","11.214","11.482","11.482","11.163","10.43M","-2.77%"
"02/24/2020","10.614","10.980","10.994","10.520","13.72M","-5.35%"
"02/25/2020","10.286","10.665","10.665","10.248","12.45M","-3.09%"
"02/26/2020","10.192","10.182","10.300","10.060","12.89M","-0.91%"
"02/27/2020","9.859","10.056","10.060","9.634","14.10M","-3.27%"
"02/28/2020","9.502","9.554","9.690","9.394","23.90M","-3.62%"
"03/02/2020","9.582","9.859","9.863","9.354","12.88M","0.84%"
"03/03/2020","9.709","9.821","10.014","9.643","11.05M","1.33%"
"03/04/2020","9.652","9.741","9.788","9.540","9.00M","-0.59%"
"03/05/2020","9.465","9.713","9.713","9.408","9.84M","-1.94%"
"03/06/2020","9.005","9.380","9.380","9.005","15.81M","-4.86%"
"03/09/2020","7.643","7.504","7.979","7.465","35.98M","-15.12%"
"03/10/2020","7.767","7.780","8.463","7.643","23.36M","1.62%"
"03/11/2020","7.803","7.915","8.001","7.731","16.32M","0.46%"
"03/12/2020","6.761","7.512","7.525","6.718","28.44M","-13.35%"
"03/13/2020","7.075","7.713","7.767","6.953","18.75M","4.64%"
"03/16/2020","6.354","6.868","6.919","6.116","20.73M","-10.19%"
"03/17/2020","6.349","7.016","7.016","6.144","16.23M","-0.08%"
"03/18/2020","5.761","6.264","6.352","5.756","17.85M","-9.26%"
"03/19/2020","5.656","5.797","6.015","5.553","17.99M","-1.82%"
"03/20/2020","5.786","6.069","6.227","5.776","22.02M","2.30%"
"03/23/2020","5.827","5.722","6.050","5.722","10.82M","0.71%"
"03/24/2020","6.741","6.238","6.741","6.050","17.49M","15.69%"
"03/25/2020","6.917","7.060","7.392","6.527","15.31M","2.61%"
"03/26/2020","7.176","6.776","7.204","6.716","11.09M","3.74%"
"03/27/2020","6.891","7.035","7.078","6.756","8.60M","-3.97%"
"03/30/2020","7.122","7.167","7.307","6.763","8.86M","3.35%"
"03/31/2020","7.816","7.335","7.870","7.243","15.90M","9.74%"
"04/01/2020","7.598","7.709","7.879","7.523","12.16M","-2.79%"
"04/02/2020","8.056","7.926","8.414","7.814","18.34M","6.03%"
"04/03/2020","7.741","8.011","8.140","7.579","12.30M","-3.91%"
"04/06/2020","7.682","8.255","8.255","7.682","11.31M","-0.76%"
"04/07/2020","7.940","7.917","8.056","7.673","11.32M","3.36%"
"04/08/2020","7.844","7.964","7.975","7.697","6.27M","-1.21%"
"04/09/2020","7.773","8.067","8.086","7.741","11.44M","-0.91%"
"04/14/2020","7.546","8.182","8.182","7.546","13.64M","-2.92%"
"04/15/2020","6.975","7.504","7.506","6.975","14.85M","-7.57%"
"04/16/2020","6.878","7.054","7.170","6.683","10.40M","-1.39%"
"04/17/2020","7.304","7.056","7.304","7.033","8.97M","6.19%"
"04/20/2020","7.255","7.161","7.285","7.035","6.80M","-0.67%"
"04/21/2020","6.827","6.885","7.035","6.791","10.09M","-5.90%"
"04/22/2020","6.936","6.850","7.120","6.763","12.04M","1.60%"
"04/23/2020","7.354","7.110","7.452","7.033","11.25M","6.03%"
"04/24/2020","7.262","7.317","7.555","7.062","7.55M","-1.25%"
"04/27/2020","7.328","7.448","7.467","7.153","5.86M","0.91%"
"04/28/2020","7.422","7.129","7.427","7.065","8.70M","1.28%"
"04/29/2020","7.975","7.484","7.975","7.437","12.22M","7.45%"
"04/30/2020","7.799","8.067","8.227","7.771","11.12M","-2.21%"
"05/04/2020","7.191","7.551","7.551","7.159","11.63M","-7.80%"
"05/05/2020","8.140","7.870","8.236","7.579","18.77M","13.20%"
"05/06/2020","7.979","8.114","8.583","7.926","12.62M","-1.98%"
"05/07/2020","8.230","8.058","8.339","8.011","7.26M","3.15%"
"05/08/2020","8.099","8.395","8.395","8.031","6.17M","-1.59%"
"05/11/2020","7.977","8.275","8.275","7.926","5.86M","-1.51%"
"05/12/2020","7.840","7.949","8.035","7.812","5.50M","-1.72%"
"05/13/2020","7.570","7.810","7.821","7.570","6.27M","-3.44%"
"05/14/2020","7.667","7.531","7.667","7.227","8.52M","1.28%"
"05/15/2020","7.602","7.833","7.906","7.542","7.27M","-0.85%"
"05/18/2020","8.105","7.923","8.105","7.846","7.75M","6.62%"
"05/19/2020","8.016","8.161","8.180","7.909","9.98M","-1.10%"
"05/20/2020","8.197","8.011","8.208","7.793","8.49M","2.26%"
"05/21/2020","7.923","8.048","8.152","7.872","7.30M","-3.34%"
"05/22/2020","7.778","7.842","7.971","7.662","7.32M","-1.83%"
"05/25/2020","7.878","7.909","7.917","7.791","3.60M","1.29%"
"05/26/2020","8.082","7.970","8.106","7.943","7.67M","2.59%"
"05/27/2020","8.326","8.105","8.602","8.093","11.06M","3.02%"
"05/28/2020","8.320","8.424","8.424","8.178","6.24M","-0.07%"
"05/29/2020","7.851","8.208","8.215","7.834","19.24M","-5.64%"
"06/01/2020","8.082","8.067","8.195","7.940","8.67M","2.94%"
"06/02/2020","8.420","8.167","8.499","8.155","11.47M","4.18%"
"06/03/2020","8.560","8.583","8.666","8.380","11.93M","1.66%"
"06/04/2020","8.485","8.538","8.677","8.337","12.05M","-0.88%"
"06/05/2020","8.939","8.611","8.996","8.583","16.17M","5.35%"
"06/08/2020","9.123","9.056","9.451","9.024","16.34M","2.06%"
"06/09/2020","8.664","9.174","9.213","8.517","16.38M","-5.03%"
"06/10/2020","8.589","8.750","8.844","8.568","11.48M","-0.87%"
"06/11/2020","8.050","8.461","8.467","8.050","12.95M","-6.28%"
"06/12/2020","8.150","7.973","8.384","7.879","12.08M","1.24%"
"06/15/2020","8.142","8.054","8.217","7.896","11.30M","-0.10%"
"06/16/2020","8.203","8.319","8.456","8.107","13.37M","0.75%"
"06/17/2020","8.017","8.193","8.269","7.936","10.21M","-2.27%"
"06/18/2020","7.994","7.965","8.039","7.803","10.21M","-0.29%"
"06/19/2020","8.084","8.037","8.199","8.017","14.43M","1.13%"
"06/22/2020","7.922","8.031","8.039","7.846","6.33M","-2.00%"
"06/23/2020","8.086","8.008","8.169","7.904","6.64M","2.07%"
"06/24/2020","7.665","8.056","8.144","7.665","7.59M","-5.21%"
"06/25/2020","7.793","7.645","7.832","7.523","6.94M","1.67%"
"06/26/2020","7.569","7.891","7.912","7.532","7.20M","-2.87%"
"06/29/2020","7.663","7.569","7.710","7.445","8.93M","1.24%"
"06/30/2020","7.585","7.641","7.715","7.450","7.37M","-1.02%"
"07/01/2020","7.682","7.626","7.801","7.517","6.27M","1.28%"
"07/02/2020","7.828","7.751","7.901","7.721","6.18M","1.90%"
"07/03/2020","7.614","7.823","7.836","7.579","4.63M","-2.73%"
"07/06/2020","7.768","7.793","7.926","7.719","5.35M","2.02%"
"07/07/2020","7.667","7.735","7.766","7.628","6.42M","-1.30%"
"07/08/2020","7.540","7.599","7.649","7.511","6.99M","-1.66%"
"07/09/2020","7.337","7.587","7.638","7.316","6.58M","-2.69%"
"07/10/2020","7.427","7.306","7.499","7.263","6.01M","1.23%"
"07/13/2020","7.583","7.563","7.651","7.476","3.59M","2.10%"
"07/14/2020","7.780","7.501","7.780","7.486","5.30M","2.60%"
"07/15/2020","7.702","7.793","7.864","7.669","6.71M","-1.00%"
"07/16/2020","7.807","7.776","7.867","7.706","4.57M","1.36%"
"07/17/2020","7.671","7.782","7.805","7.634","4.50M","-1.74%"
"07/20/2020","7.538","7.626","7.626","7.484","3.92M","-1.73%"
"07/21/2020","7.723","7.655","7.723","7.503","6.73M","2.45%"
"07/22/2020","7.472","7.647","7.719","7.441","7.54M","-3.25%"
"07/23/2020","7.384","7.667","7.667","7.339","6.66M","-1.18%"
"07/24/2020","7.199","7.306","7.349","7.199","7.73M","-2.51%"
"07/27/2020","6.977","7.170","7.170","6.936","7.53M","-3.08%"
"07/28/2020","6.880","7.010","7.086","6.880","6.95M","-1.39%"
"07/29/2020","6.854","6.917","6.938","6.776","6.19M","-0.38%"
"07/30/2020","6.613","6.819","6.848","6.548","8.73M","-3.52%"
"07/31/2020","6.410","6.663","6.693","6.398","8.12M","-3.07%"
"08/03/2020","6.521","6.410","6.543","6.295","7.57M","1.73%"
"08/04/2020","6.737","6.587","6.784","6.576","6.48M","3.31%"
"08/05/2020","6.876","6.819","6.924","6.774","5.63M","2.06%"
"08/06/2020","6.624","6.819","6.839","6.607","4.70M","-3.66%"
"08/07/2020","6.504","6.617","6.654","6.492","4.49M","-1.81%"
"08/10/2020","6.626","6.578","6.722","6.543","4.09M","1.88%"
"08/11/2020","6.940","6.696","7.106","6.695","7.78M","4.74%"
"08/12/2020","7.012","6.887","7.049","6.841","6.00M","1.04%"
"08/13/2020","6.872","6.995","7.043","6.872","4.10M","-2.00%"
"08/14/2020","6.808","6.858","6.860","6.689","4.76M","-0.93%"
"08/17/2020","6.665","6.786","6.854","6.650","4.21M","-2.10%"
"08/18/2020","6.582","6.644","6.745","6.539","3.77M","-1.25%"
"08/19/2020","6.644","6.560","6.644","6.513","3.07M","0.94%"
"08/20/2020","6.519","6.531","6.609","6.498","4.11M","-1.88%"
"08/21/2020","6.445","6.527","6.556","6.389","5.17M","-1.14%"
"08/24/2020","6.755","6.513","6.771","6.470","5.27M","4.81%"
"08/25/2020","6.617","6.771","6.876","6.601","5.04M","-2.04%"
"08/26/2020","6.681","6.595","6.763","6.554","4.10M","0.97%"
"08/27/2020","6.704","6.671","6.786","6.605","5.06M","0.34%"
"08/28/2020","6.724","6.778","6.806","6.702","4.79M","0.30%"
"08/31/2020","6.451","6.800","6.866","6.451","8.03M","-4.06%"
"09/01/2020","6.433","6.554","6.582","6.342","6.99M","-0.28%"
"09/02/2020","6.266","6.474","6.527","6.237","8.78M","-2.60%"
"09/03/2020","6.246","6.287","6.410","6.237","7.03M","-0.32%"
"09/04/2020","6.281","6.266","6.474","6.266","9.31M","0.56%"
"09/07/2020","6.465","6.354","6.515","6.309","7.71M","2.93%"
"09/08/2020","6.170","6.517","6.517","6.120","11.39M","-4.56%"
"09/09/2020","6.225","6.167","6.313","6.139","8.74M","0.89%"
"09/10/2020","6.293","6.246","6.377","6.176","6.58M","1.09%"
"09/11/2020","6.229","6.274","6.281","6.137","6.73M","-1.02%"
"09/14/2020","6.104","6.278","6.322","6.089","6.93M","-2.01%"
"09/15/2020","6.285","6.091","6.313","6.063","9.78M","2.97%"
"09/16/2020","6.379","6.274","6.414","6.200","6.38M","1.50%"
"09/17/2020","6.354","6.332","6.451","6.285","6.88M","-0.39%"
"09/18/2020","6.151","6.383","6.383","6.151","11.45M","-3.19%"
"09/21/2020","5.954","6.120","6.120","5.886","8.66M","-3.20%"
"09/22/2020","6.048","5.993","6.202","5.925","8.04M","1.58%"
"09/23/2020","5.900","6.073","6.137","5.884","7.84M","-2.45%"
"09/24/2020","5.738","5.845","5.927","5.738","8.81M","-2.75%"
"09/25/2020","5.605","5.810","5.833","5.576","9.13M","-2.32%"
"09/28/2020","5.730","5.691","5.777","5.644","6.25M","2.23%"
"09/29/2020","5.524","5.734","5.738","5.524","7.36M","-3.60%"
"09/30/2020","5.574","5.516","5.672","5.471","7.71M","0.91%"
"10/01/2020","5.370","5.619","5.650","5.366","10.39M","-3.66%"
"10/02/2020","5.375","5.358","5.379","5.233","11.48M","0.09%"
"10/05/2020","5.574","5.450","5.640","5.407","9.17M","3.70%"
"10/06/2020","5.849","5.621","5.896","5.594","9.77M","4.93%"
"10/07/2020","5.876","5.835","5.905","5.767","7.06M","0.46%"
"10/08/2020","6.081","5.942","6.135","5.839","9.28M","3.49%"
"10/09/2020","6.147","6.137","6.258","6.085","8.04M","1.09%"
"10/12/2020","6.042","6.135","6.137","6.042","5.30M","-1.71%"
"10/13/2020","5.983","6.061","6.157","5.970","6.49M","-0.98%"
"10/14/2020","5.974","5.925","6.020","5.796","6.99M","-0.15%"
"10/15/2020","5.765","5.882","5.900","5.736","7.83M","-3.50%"
"10/16/2020","5.847","5.831","5.847","5.656","9.44M","1.42%"
"10/19/2020","5.773","5.841","5.921","5.716","6.17M","-1.27%"
"10/20/2020","5.703","5.740","5.783","5.627","6.25M","-1.21%"
"10/21/2020","5.520","5.748","5.748","5.510","8.43M","-3.21%"
"10/22/2020","5.516","5.504","5.535","5.379","9.03M","-0.07%"
"10/23/2020","5.674","5.551","5.744","5.539","8.40M","2.86%"
"10/26/2020","5.496","5.498","5.693","5.465","7.59M","-3.14%"
"10/27/2020","5.319","5.533","5.537","5.270","11.59M","-3.22%"
"10/28/2020","5.136","5.251","5.257","5.017","14.74M","-3.44%"
"10/29/2020","5.091","5.126","5.222","4.912","12.48M","-0.88%"
"10/30/2020","5.202","5.017","5.229","4.990","9.11M","2.18%"
"11/02/2020","5.526","5.202","5.533","5.128","10.09M","6.23%"
"11/03/2020","5.637","5.572","5.728","5.533","12.56M","2.01%"
"11/04/2020","5.748","5.529","5.765","5.424","9.62M","1.97%"
"11/05/2020","5.635","5.783","5.800","5.635","9.34M","-1.97%"
"11/06/2020","5.623","5.631","5.720","5.572","8.11M","-0.21%"
"11/09/2020","6.648","5.728","6.657","5.654","25.28M","18.23%"
"11/10/2020","7.449","6.613","7.608","6.502","40.93M","12.05%"
"11/11/2020","7.478","7.503","7.762","7.199","21.84M","0.39%"
"11/12/2020","7.166","7.380","7.419","7.129","16.12M","-4.17%"
"11/13/2020","7.074","7.014","7.186","6.841","15.49M","-1.28%"
"11/16/2020","7.708","7.209","7.745","7.189","20.00M","8.95%"
"11/17/2020","7.641","7.675","7.751","7.452","15.25M","-0.86%"
"11/18/2020","7.733","7.599","7.834","7.517","9.62M","1.20%"
"11/19/2020","7.546","7.599","7.639","7.484","10.81M","-2.42%"
"11/20/2020","7.525","7.577","7.696","7.525","7.97M","-0.28%"
"11/23/2020","8.115","7.743","8.138","7.715","20.24M","7.85%"
"11/24/2020","8.623","8.232","8.623","8.222","17.04M","6.27%"
"11/25/2020","8.514","8.621","8.748","8.294","14.45M","-1.27%"
"11/26/2020","8.218","8.510","8.512","8.012","15.64M","-3.48%"
"11/27/2020","8.267","8.203","8.290","8.017","40.10M","0.59%"
"11/30/2020","7.850","8.158","8.234","7.850","34.35M","-5.04%"
"12/01/2020","8.008","7.856","8.156","7.825","11.95M","2.01%"
"12/02/2020","8.037","7.877","8.072","7.725","14.73M","0.36%"
"12/03/2020","7.922","7.988","8.012","7.784","13.81M","-1.43%"
"12/04/2020","8.341","7.980","8.382","7.967","14.34M","5.29%"
"12/07/2020","8.261","8.280","8.294","8.097","9.34M","-0.96%"
"12/08/2020","8.380","8.214","8.434","8.160","8.56M","1.44%"
"12/09/2020","8.629","8.417","8.756","8.417","15.25M","2.98%"
"12/10/2020","8.719","8.643","8.756","8.510","9.64M","1.04%"
"12/11/2020","8.553","8.711","8.740","8.390","11.57M","-1.90%"
"12/14/2020","8.397","8.682","8.748","8.366","11.62M","-1.82%"
"12/15/2020","8.520","8.393","8.530","8.280","7.06M","1.46%"
"12/16/2020","8.489","8.534","8.734","8.390","8.05M","-0.37%"
"12/17/2020","8.284","8.500","8.566","8.266","14.64M","-2.41%"
"12/18/2020","8.142","8.200","8.272","8.076","17.70M","-1.71%"
"12/21/2020","7.840","7.780","7.888","7.500","30.56M","-3.71%"
"12/22/2020","7.838","7.818","7.886","7.750","6.95M","-0.03%"
"12/23/2020","8.200","7.848","8.212","7.810","6.55M","4.62%"
"12/24/2020","8.346","8.220","8.346","8.164","3.09M","1.78%"
"12/28/2020","8.320","8.428","8.448","8.300","6.44M","-0.31%"
"12/29/2020","8.314","8.372","8.416","8.222","6.14M","-0.07%"
"12/30/2020","8.286","8.322","8.370","8.246","5.02M","-0.34%"
"12/31/2020","8.250","8.254","8.312","8.158","2.97M","-0.43%"
"01/04/2021","8.106","8.328","8.510","8.082","7.89M","-1.75%"
"01/05/2021","8.730","8.142","8.730","8.134","11.67M","7.70%"
"01/06/2021","8.850","8.784","8.984","8.738","12.40M","1.37%"
"01/07/2021","8.882","8.886","8.950","8.580","17.01M","0.36%"
"01/08/2021","8.726","8.980","8.988","8.692","11.81M","-1.76%"
"01/11/2021","8.636","8.664","8.726","8.540","5.99M","-1.03%"
"01/12/2021","8.822","8.740","8.894","8.680","7.69M","2.15%"
"01/13/2021","8.702","8.860","8.922","8.694","5.31M","-1.36%"
"01/14/2021","8.862","8.700","8.896","8.692","8.66M","1.84%"
"01/15/2021","8.652","8.820","8.856","8.522","8.48M","-2.37%"
"01/18/2021","8.672","8.576","8.716","8.520","4.43M","0.23%"
"01/19/2021","8.632","8.710","8.780","8.622","16.59M","-0.46%"
"01/20/2021","8.846","8.724","8.872","8.672","5.76M","2.48%"
"01/21/2021","8.570","8.860","8.876","8.560","11.69M","-3.12%"
"01/22/2021","8.452","8.500","8.500","8.274","12.83M","-1.38%"
"01/25/2021","8.300","8.518","8.560","8.230","8.27M","-1.80%"
"01/26/2021","8.452","8.250","8.566","8.240","6.08M","1.83%"
"01/27/2021","8.522","8.424","8.546","8.256","11.64M","0.83%"
"01/28/2021","8.372","8.340","8.486","8.266","5.49M","-1.76%"
"01/29/2021","8.122","8.280","8.400","8.122","5.71M","-2.99%"
"02/01/2021","7.980","8.170","8.206","7.960","11.07M","-1.75%"
"02/02/2021","8.178","8.094","8.250","8.082","15.67M","2.48%"
"02/03/2021","8.576","8.312","8.586","8.142","9.97M","4.87%"
"02/04/2021","8.600","8.610","8.796","8.468","8.55M","0.28%"
"02/05/2021","8.712","8.620","8.806","8.470","8.74M","1.30%"
"02/08/2021","8.848","8.752","8.870","8.686","8.43M","1.56%"
"02/09/2021","8.796","8.878","8.968","8.768","7.20M","-0.59%"
"02/10/2021","8.878","8.812","8.906","8.690","6.57M","0.93%"
"02/11/2021","8.778","8.862","8.910","8.736","4.79M","-1.13%"
"02/12/2021","8.874","8.740","8.876","8.608","4.21M","1.09%"
"02/15/2021","9.360","8.970","9.390","8.926","12.16M","5.48%"
"02/16/2021","9.416","9.400","9.550","9.256","9.43M","0.60%"
"02/17/2021","9.456","9.400","9.748","9.396","10.38M","0.42%"
"02/18/2021","9.560","9.500","9.778","9.500","11.74M","1.10%"
"02/19/2021","9.940","9.486","9.964","9.372","10.59M","3.97%"
"02/22/2021","10.150","9.910","10.210","9.860","10.53M","2.11%"
"02/23/2021","10.145","10.190","10.400","9.980","11.76M","-0.05%"
"02/24/2021","10.320","10.225","10.325","10.135","10.09M","1.72%"
"02/25/2021","10.620","10.345","10.685","10.330","12.46M","2.91%"
"02/26/2021","10.415","10.425","10.525","10.280","12.41M","-1.93%"
"03/01/2021","10.705","10.520","10.780","10.520","9.01M","2.78%"
"03/02/2021","10.670","10.540","10.770","10.440","10.11M","-0.33%"
"03/03/2021","10.860","10.600","10.885","10.600","8.75M","1.78%"
"03/04/2021","11.040","10.660","11.140","10.650","11.22M","1.66%"
"03/05/2021","10.965","11.020","11.140","10.890","13.04M","-0.68%"
"03/08/2021","10.680","10.930","11.020","10.525","10.63M","-2.60%"
"03/09/2021","10.725","10.760","10.875","10.565","7.75M","0.42%"
"03/10/2021","10.700","10.630","10.890","10.580","6.02M","-0.23%"
"03/11/2021","10.750","10.770","10.840","10.555","6.28M","0.47%"
"03/12/2021","10.960","10.720","10.975","10.720","5.42M","1.95%"
"03/15/2021","10.850","11.000","11.140","10.820","6.88M","-1.00%"
"03/16/2021","10.750","10.900","10.940","10.615","5.85M","-0.92%"
"03/17/2021","10.735","10.645","10.835","10.625","5.79M","-0.14%"
"03/18/2021","10.720","10.775","10.830","10.610","7.07M","-0.14%"
"03/19/2021","10.670","10.580","10.740","10.415","10.66M","-0.47%"
"03/22/2021","10.560","10.585","10.695","10.545","5.98M","-1.03%"
"03/23/2021","10.420","10.520","10.545","10.250","12.61M","-1.33%"
"03/24/2021","10.690","10.300","10.690","10.265","6.89M","2.59%"
"03/25/2021","10.330","10.680","10.710","10.055","8.77M","-3.37%"
"03/26/2021","10.605","10.400","10.605","10.345","9.15M","2.66%"
"03/29/2021","10.700","10.600","10.720","10.420","6.16M","0.90%"
"03/30/2021","10.670","10.740","10.835","10.600","4.56M","-0.28%"
"03/31/2021","10.560","10.670","10.775","10.530","5.45M","-1.03%"
"04/01/2021","10.438","10.630","10.630","10.402","5.11M","-1.16%"
"04/06/2021","10.414","10.440","10.640","10.414","5.60M","-0.23%"
"04/07/2021","10.476","10.420","10.612","10.410","3.49M","0.60%"
"04/08/2021","10.206","10.520","10.528","10.106","8.00M","-2.58%"
"04/09/2021","10.134","10.210","10.254","10.116","3.43M","-0.71%"
"04/12/2021","10.210","10.080","10.258","10.020","3.24M","0.75%"
"04/13/2021","10.120","10.250","10.258","10.052","43.72M","-0.88%"
"04/14/2021","10.566","10.090","10.602","10.074","16.10M","4.41%"
"04/15/2021","10.394","10.620","10.628","10.314","4.31M","-1.63%"
"04/16/2021","10.352","10.394","10.476","10.280","9.81M","-0.40%"
"04/19/2021","10.252","10.330","10.388","10.144","4.06M","-0.97%"
"04/20/2021","9.850","10.240","10.320","9.850","10.30M","-3.92%"
"04/21/2021","10.080","9.860","10.138","9.860","6.71M","2.34%"
"04/22/2021","10.084","10.100","10.100","9.933","4.36M","0.04%"
"04/23/2021","10.010","10.018","10.100","9.972","3.29M","-0.73%"
"04/26/2021","10.128","10.020","10.166","9.920","4.39M","1.18%"
"04/27/2021","10.030","10.106","10.182","9.993","3.49M","-0.97%"
"04/28/2021","10.260","10.138","10.260","10.098","4.81M","2.29%"
"04/29/2021","10.152","10.406","10.438","10.144","5.74M","-1.05%"
"04/30/2021","9.938","10.176","10.236","9.936","5.11M","-2.11%"
"05/03/2021","10.238","9.981","10.240","9.925","4.58M","3.02%"
"05/04/2021","10.498","10.258","10.776","10.226","24.41M","2.54%"
"05/05/2021","10.824","10.640","10.876","10.590","6.65M","3.11%"
"05/06/2021","10.800","10.860","10.962","10.656","5.41M","-0.22%"
"05/07/2021","10.802","10.900","10.912","10.682","4.21M","0.02%"
"05/10/2021","10.916","10.930","11.066","10.878","6.97M","1.06%"
"05/11/2021","10.716","10.844","10.896","10.712","5.67M","-1.83%"
"05/12/2021","11.022","10.730","11.070","10.636","5.45M","2.86%"
"05/13/2021","10.846","10.880","10.880","10.596","5.94M","-1.60%"
"05/14/2021","11.102","10.868","11.140","10.834","5.48M","2.36%"
"05/17/2021","11.188","11.134","11.188","10.906","3.24M","0.77%"
"05/18/2021","11.178","11.200","11.400","11.130","6.31M","-0.09%"
"05/19/2021","10.890","11.000","11.124","10.746","5.30M","-2.58%"
"05/20/2021","10.842","10.930","10.958","10.682","6.05M","-0.44%"
"05/21/2021","10.934","10.820","11.050","10.666","5.30M","0.85%"
"05/24/2021","11.042","10.940","11.046","10.928","2.34M","0.99%"
"05/25/2021","10.858","11.050","11.088","10.822","4.14M","-1.67%"
"05/26/2021","11.070","10.872","11.092","10.822","5.46M","1.95%"
"05/27/2021","11.006","11.026","11.116","10.976","6.09M","-0.58%"
"05/28/2021","10.964","11.096","11.096","10.886","2.86M","-0.38%"
"05/31/2021","10.924","10.982","11.010","10.906","2.29M","-0.36%"
"06/01/2021","11.240","11.000","11.278","11.000","5.29M","2.89%"
"06/02/2021","11.310","11.250","11.410","11.178","3.76M","0.62%"
"06/03/2021","11.390","11.364","11.400","11.242","3.82M","0.71%"
"06/04/2021","11.250","11.400","11.410","11.198","2.88M","-1.23%"
"06/07/2021","11.348","11.250","11.388","11.088","4.16M","0.87%"
"06/08/2021","11.290","11.338","11.338","11.120","2.68M","-0.51%"
"06/09/2021","11.256","11.310","11.348","11.152","4.11M","-0.30%"
"06/10/2021","11.222","11.250","11.294","11.124","4.31M","-0.30%"
"06/11/2021","11.214","11.166","11.280","11.162","2.52M","-0.07%"
"06/14/2021","11.472","11.220","11.500","11.220","12.00M","2.30%"
"06/15/2021","11.472","11.444","11.498","11.286","9.54M","0.00%"
"06/16/2021","11.274","11.490","11.550","11.254","10.00M","-1.73%"
"06/17/2021","11.164","11.220","11.420","11.164","8.87M","-0.98%"
"06/18/2021","10.740","11.090","11.120","10.656","29.10M","-3.80%"
"06/21/2021","10.768","10.700","10.870","10.570","12.99M","0.26%"
"06/22/2021","10.824","10.870","10.986","10.772","11.13M","0.52%"
"06/23/2021","10.852","10.850","11.050","10.848","14.44M","0.26%"
"06/24/2021","11.098","10.916","11.144","10.826","7.14M","2.27%"
"06/25/2021","11.058","11.164","11.190","11.022","5.94M","-0.36%"
"06/28/2021","10.682","11.054","11.100","10.650","55.58M","-3.40%"
"06/29/2021","10.684","10.682","10.850","10.622","7.38M","0.02%"
"06/30/2021","10.554","10.680","10.752","10.508","5.08M","-1.22%"
"07/01/2021","10.726","10.660","10.868","10.626","18.75M","1.63%"
"07/02/2021","10.628","10.770","10.808","10.560","6.55M","-0.91%"
"07/05/2021","10.380","10.450","10.450","10.100","3.64M","-2.33%"
"07/06/2021","10.048","10.400","10.560","10.034","6.50M","-3.20%"
"07/07/2021","9.955","10.100","10.324","9.862","7.65M","-0.93%"
"07/08/2021","9.731","9.930","10.096","9.565","10.74M","-2.25%"
"07/09/2021","9.848","9.772","9.877","9.601","6.27M","1.20%"
"07/12/2021","9.749","9.880","9.900","9.607","61.95M","-1.01%"
"07/13/2021","9.569","9.801","9.828","9.522","9.38M","-1.85%"
"07/14/2021","9.559","9.549","9.724","9.543","3.99M","-0.10%"
"07/15/2021","9.325","9.500","9.501","9.232","19.82M","-2.45%"
"07/16/2021","9.164","9.236","9.415","9.057","12.05M","-1.73%"
"07/19/2021","8.758","9.126","9.127","8.725","9.78M","-4.43%"
"07/20/2021","8.950","8.786","8.974","8.692","6.14M","2.19%"
"07/21/2021","9.249","8.989","9.283","8.921","7.19M","3.34%"
"07/22/2021","9.191","9.310","9.414","9.137","4.91M","-0.63%"
"07/23/2021","9.184","9.271","9.355","9.130","3.54M","-0.08%"
"07/26/2021","9.441","9.109","9.495","9.050","4.16M","2.80%"
"07/27/2021","9.438","9.461","9.461","9.255","4.42M","-0.03%"
"07/28/2021","9.596","9.420","9.637","9.317","6.57M","1.67%"
"07/29/2021","9.493","9.658","9.813","9.361","10.72M","-1.07%"
"07/30/2021","9.221","9.400","9.525","9.166","8.27M","-2.87%"
"08/02/2021","9.259","9.300","9.538","9.255","9.39M","0.41%"
"08/03/2021","9.552","9.365","9.676","9.323","6.60M","3.16%"
"08/04/2021","9.430","9.598","9.609","9.303","3.99M","-1.28%"
"08/05/2021","9.492","9.349","9.492","9.272","4.65M","0.66%"
"08/06/2021","9.553","9.482","9.553","9.396","4.28M","0.64%"
"08/09/2021","9.518","9.500","9.542","9.342","3.84M","-0.37%"
"08/10/2021","9.621","9.518","9.654","9.452","9.95M","1.08%"
"08/11/2021","9.700","9.636","9.700","9.566","3.29M","0.82%"
"08/12/2021","9.744","9.710","9.850","9.675","4.30M","0.45%"
"08/13/2021","9.655","9.780","9.780","9.586","3.83M","-0.91%"
"08/16/2021","9.518","9.542","9.545","9.443","3.81M","-1.42%"
"08/17/2021","9.517","9.450","9.600","9.397","3.26M","-0.01%"
"08/18/2021","9.586","9.500","9.612","9.482","3.09M","0.73%"
"08/19/2021","9.286","9.390","9.434","9.242","7.96M","-3.13%"
"08/20/2021","9.362","9.290","9.376","9.231","5.13M","0.82%"
"08/23/2021","9.664","9.449","9.687","9.396","5.28M","3.23%"
"08/24/2021","9.720","9.700","9.755","9.663","5.05M","0.58%"
"08/25/2021","9.715","9.738","9.810","9.675","3.63M","-0.05%"
"08/26/2021","9.693","9.642","9.737","9.591","2.31M","-0.23%"
"08/27/2021","9.904","9.761","9.930","9.696","3.36M","2.18%"
"08/30/2021","9.896","9.860","9.976","9.836","2.91M","-0.08%"
"08/31/2021","9.705","9.917","9.917","9.670","8.51M","-1.93%"
"09/01/2021","9.515","9.650","9.822","9.515","5.94M","-1.96%"
"09/02/2021","9.747","9.515","9.765","9.501","3.53M","2.44%"
"09/03/2021","9.591","9.722","9.760","9.570","5.39M","-1.60%"
"09/06/2021","9.601","9.643","9.647","9.523","2.14M","0.10%"
"09/07/2021","9.620","9.590","9.670","9.522","2.53M","0.20%"
"09/08/2021","9.515","9.556","9.647","9.389","4.91M","-1.09%"
"09/09/2021","9.361","9.453","9.467","9.294","5.65M","-1.62%"
"09/10/2021","9.450","9.387","9.453","9.337","5.24M","0.95%"
"09/13/2021","9.783","9.441","9.786","9.441","5.35M","3.52%"
"09/14/2021","9.840","9.798","10.000","9.710","7.63M","0.58%"
"09/15/2021","10.002","9.780","10.060","9.780","5.98M","1.65%"
"09/16/2021","10.032","9.999","10.170","9.997","6.77M","0.30%"
"09/17/2021","10.044","10.180","10.200","9.935","14.90M","0.12%"
"09/20/2021","9.979","9.852","10.014","9.736","7.43M","-0.65%"
"09/21/2021","10.242","10.000","10.330","9.991","9.67M","2.64%"
"09/22/2021","10.472","10.370","10.626","10.370","6.88M","2.25%"
"09/23/2021","10.688","10.600","10.720","10.504","6.75M","2.06%"
"09/24/2021","10.720","10.670","10.762","10.638","4.75M","0.30%"
"09/27/2021","10.966","10.780","11.060","10.766","9.27M","2.29%"
"09/28/2021","11.024","11.020","11.220","10.980","17.18M","0.53%"
"09/29/2021","11.246","11.000","11.246","10.836","6.84M","2.01%"
"09/30/2021","11.298","11.262","11.380","11.126","7.16M","0.46%"
"10/01/2021","11.318","11.150","11.378","11.056","5.89M","0.18%"
"10/04/2021","11.636","11.396","11.780","11.380","16.94M","2.81%"
"10/05/2021","11.662","11.600","11.732","11.480","6.93M","0.22%"
"10/06/2021","11.400","11.690","11.734","11.370","6.44M","-2.25%"
"10/07/2021","11.500","11.538","11.604","11.356","5.83M","0.88%"
"10/08/2021","11.582","11.400","11.644","11.364","8.61M","0.71%"
"10/11/2021","11.458","11.632","11.720","11.382","6.29M","-1.07%"
"10/12/2021","11.530","11.366","11.540","10.790","30.98M","0.63%"
"10/13/2021","11.388","11.494","11.520","11.216","4.41M","-1.23%"
"10/14/2021","11.526","11.500","11.646","11.476","14.15M","1.21%"
"10/15/2021","11.580","11.576","11.704","11.508","5.80M","0.47%"
"10/18/2021","11.516","11.586","11.602","11.392","10.37M","-0.55%"
"10/19/2021","11.522","11.496","11.604","11.424","4.91M","0.05%"
"10/20/2021","11.690","11.474","11.714","11.438","10.96M","1.46%"
"10/21/2021","11.452","11.596","11.660","11.444","7.31M","-2.04%"
"10/22/2021","11.466","11.496","11.570","11.422","3.14M","0.12%"
"10/25/2021","11.678","11.424","11.716","11.424","6.73M","1.85%"
"10/26/2021","11.540","11.690","11.710","11.468","4.64M","-1.18%"
"10/27/2021","11.466","11.580","11.580","11.320","8.84M","-0.64%"
"10/28/2021","11.064","11.476","11.488","10.902","11.38M","-3.51%"
"10/29/2021","11.056","11.150","11.286","11.018","44.09M","-0.07%"
"11/01/2021","11.018","11.080","11.184","11.000","8.73M","-0.34%"
"11/02/2021","10.912","11.000","11.000","10.764","5.44M","-0.96%"
"11/03/2021","10.720","10.784","10.860","10.612","9.34M","-1.76%"
"11/04/2021","10.720","10.730","10.960","10.668","5.22M","0.00%"
"11/05/2021","10.812","10.710","10.878","10.584","8.24M","0.86%"
"11/08/2021","10.830","10.870","11.022","10.744","5.22M","0.17%"
"11/09/2021","10.806","10.802","10.972","10.718","3.71M","-0.22%"
"11/10/2021","11.060","10.862","11.190","10.858","9.77M","2.35%"
"11/11/2021","11.150","11.020","11.218","11.008","8.28M","0.81%"
"11/12/2021","10.882","11.110","11.124","10.868","5.75M","-2.40%"
"11/15/2021","10.934","10.810","11.026","10.774","6.06M","0.48%"
"11/16/2021","10.982","10.978","11.116","10.874","5.51M","0.44%"
"11/17/2021","10.858","10.970","10.976","10.822","6.42M","-1.13%"
"11/18/2021","10.660","10.770","10.770","10.608","4.76M","-1.82%"
"11/19/2021","10.374","10.766","10.826","10.350","12.60M","-2.68%"
"11/22/2021","10.536","10.380","10.586","10.290","5.64M","1.56%"
"11/23/2021","10.606","10.468","10.742","10.358","7.30M","0.66%"
"11/24/2021","10.526","10.716","10.760","10.478","8.65M","-0.75%"
"11/25/2021","10.478","10.542","10.542","10.366","6.80M","-0.46%"
"11/26/2021","9.708","10.000","10.016","9.620","18.96M","-7.35%"
"11/29/2021","9.912","9.854","10.110","9.799","8.23M","2.10%"
"11/30/2021","9.791","9.722","9.854","9.603","18.98M","-1.22%"
"12/01/2021","10.020","9.980","10.200","9.943","7.17M","2.34%"
"12/02/2021","10.102","9.894","10.188","9.882","7.76M","0.82%"
"12/03/2021","10.062","10.220","10.308","10.062","6.20M","-0.40%"
"12/06/2021","10.272","10.150","10.368","10.150","5.48M","2.09%"
"12/07/2021","10.396","10.380","10.540","10.320","6.27M","1.21%"
"12/08/2021","10.310","10.352","10.430","10.198","4.03M","-0.83%"
"12/09/2021","10.136","10.324","10.354","10.100","3.43M","-1.69%"
"12/10/2021","10.100","10.114","10.212","10.060","5.45M","-0.36%"
"12/13/2021","9.885","10.144","10.274","9.885","4.39M","-2.13%"
"12/14/2021","9.994","9.930","10.074","9.896","4.97M","1.10%"
"12/15/2021","9.820","9.985","10.000","9.793","8.53M","-1.74%"
"12/16/2021","9.998","9.930","10.078","9.903","6.84M","1.81%"
"12/17/2021","9.943","9.917","9.989","9.832","9.12M","-0.55%"
"12/20/2021","9.842","9.690","9.876","9.630","18.90M","-1.02%"
"12/21/2021","10.080","9.980","10.112","9.862","7.63M","2.42%"
"12/22/2021","10.152","10.088","10.172","10.020","3.34M","0.71%"
"12/23/2021","10.374","10.178","10.442","10.152","7.56M","2.19%"
"12/27/2021","10.504","10.296","10.576","10.274","4.73M","1.25%"
"12/28/2021","10.596","10.530","10.666","10.516","7.28M","0.88%"
"12/29/2021","10.478","10.554","10.624","10.394","3.41M","-1.11%"
"12/30/2021","10.436","10.432","10.510","10.408","6.82M","-0.40%"
"01/03/2022","10.648","10.456","10.696","10.440","11.34M","2.03%"
"01/04/2022","10.892","10.700","10.976","10.698","51.88M","2.29%"
"01/05/2022","11.172","10.900","11.190","10.892","24.88M","2.57%"
"01/06/2022","11.144","11.030","11.246","10.900","10.99M","-0.25%"
"01/07/2022","10.832","10.960","10.968","10.662","5.79M","-2.80%"
"01/10/2022","10.780","10.850","10.912","10.730","4.19M","-0.48%"
"01/11/2022","10.892","10.756","10.902","10.740","4.25M","1.04%"
"01/12/2022","11.086","10.984","11.178","10.970","8.05M","1.78%"
"01/13/2022","11.200","11.086","11.200","11.032","4.06M","1.03%"
"01/14/2022","11.242","11.180","11.266","11.086","4.11M","0.37%"
"01/17/2022","11.144","11.204","11.276","11.092","19.57M","-0.87%"
"01/18/2022","11.124","11.200","11.290","11.072","56.50M","-0.18%"
"01/19/2022","11.132","11.066","11.410","11.050","34.22M","0.07%"
"01/20/2022","10.810","11.074","11.084","10.720","23.00M","-2.89%"
"01/21/2022","10.664","10.690","10.754","10.492","24.15M","-1.35%"
"01/24/2022","10.424","10.606","10.736","10.282","10.94M","-2.25%"
"01/25/2022","10.716","10.344","10.734","10.324","10.81M","2.80%"
"01/26/2022","11.042","10.790","11.134","10.766","7.45M","3.04%"
"01/27/2022","11.246","10.868","11.374","10.830","6.94M","1.85%"
"01/28/2022","11.190","11.244","11.350","11.112","6.07M","-0.50%"
"01/31/2022","11.242","11.244","11.294","11.106","6.17M","0.46%"
"02/01/2022","11.384","11.286","11.426","11.114","9.45M","1.26%"
"02/02/2022","11.326","11.376","11.432","11.162","6.13M","-0.51%"
"02/03/2022","11.330","11.326","11.426","11.204","5.21M","0.04%"
"02/04/2022","11.488","11.420","11.586","11.392","7.24M","1.39%"
"02/07/2022","11.542","11.548","11.594","11.374","6.04M","0.47%"
"02/08/2022","11.396","11.572","11.814","11.374","6.49M","-1.26%"
"02/09/2022","11.584","11.620","11.644","11.390","8.11M","1.65%"
"02/10/2022","11.750","11.548","11.816","11.544","6.15M","1.43%"
"02/11/2022","11.868","11.626","11.882","11.580","6.43M","1.00%"
"02/14/2022","11.668","11.754","11.988","11.606","8.36M","-1.69%"
"02/15/2022","11.626","11.590","11.750","11.436","8.14M","-0.36%"
"02/16/2022","11.934","11.664","11.976","11.626","8.16M","2.65%"
"02/17/2022","11.870","11.844","12.000","11.676","8.11M","-0.54%"
"02/18/2022","11.734","11.878","12.036","11.656","6.77M","-1.15%"
"02/21/2022","11.620","11.740","11.818","11.530","5.17M","-0.97%"
"02/22/2022","11.468","11.410","11.770","11.400","6.92M","-1.31%"
"02/23/2022","11.366","11.474","11.632","11.358","6.61M","-0.89%"
"02/24/2022","11.330","11.080","11.398","10.980","13.35M","-0.32%"
"02/25/2022","11.594","11.210","11.736","11.150","9.06M","2.33%"
"02/28/2022","11.626","11.450","11.746","11.342","13.47M","0.28%"
"03/01/2022","11.862","11.700","11.992","11.652","9.15M","2.03%"
"03/02/2022","12.268","12.000","12.366","11.920","14.96M","3.42%"
"03/03/2022","12.002","12.308","12.676","11.964","19.96M","-2.17%"
"03/04/2022","11.466","11.930","11.980","11.372","12.20M","-4.47%"
"03/07/2022","11.928","11.450","12.096","11.292","17.13M","4.03%"
"03/08/2022","12.242","12.048","12.372","11.910","10.55M","2.63%"
"03/09/2022","11.850","12.242","12.468","11.786","15.44M","-3.20%"
"03/10/2022","11.824","11.796","11.988","11.708","8.05M","-0.22%"
"03/11/2022","11.634","11.700","11.980","11.548","9.61M","-1.61%"
"03/14/2022","11.454","11.636","11.664","11.268","8.89M","-1.55%"
"03/15/2022","11.468","11.350","11.468","11.158","7.79M","0.12%"
"03/16/2022","11.228","11.600","11.642","11.198","10.86M","-2.09%"
"03/17/2022","11.492","11.336","11.548","11.276","6.77M","2.35%"
"03/18/2022","11.218","11.600","11.600","11.160","11.80M","-2.38%"
"03/21/2022","11.630","11.250","11.650","11.242","9.41M","3.67%"
"03/22/2022","11.678","11.700","11.832","11.606","4.85M","0.41%"
"03/23/2022","12.070","11.862","12.144","11.810","7.94M","3.36%"
"03/24/2022","11.990","12.074","12.204","11.980","7.74M","-0.66%"
"03/25/2022","12.164","11.998","12.194","11.790","4.34M","1.45%"
"03/28/2022","11.904","12.082","12.306","11.830","16.69M","-2.14%"
"03/29/2022","11.772","12.000","12.170","11.622","6.53M","-1.11%"
"03/30/2022","12.022","11.900","12.046","11.880","4.64M","2.12%"
"03/31/2022","11.924","11.922","12.062","11.834","5.25M","-0.82%"
"04/01/2022","11.945","11.800","12.005","11.700","4.75M","0.18%"
"04/04/2022","11.880","12.000","12.065","11.870","6.60M","-0.54%"
"04/05/2022","12.190","11.990","12.200","11.865","9.69M","2.61%"
"04/06/2022","12.300","12.300","12.420","12.165","6.20M","0.90%"
"04/07/2022","12.220","12.300","12.380","12.125","9.46M","-0.65%"
"04/08/2022","12.830","12.350","12.830","12.335","12.85M","4.99%"
"04/11/2022","12.805","12.800","12.930","12.760","6.12M","-0.19%"
"04/12/2022","13.235","12.680","13.275","12.655","10.01M","3.36%"
"04/13/2022","13.535","13.245","13.580","13.240","22.18M","2.27%"
"04/14/2022","13.770","13.650","13.815","13.535","6.24M","1.74%"
"04/19/2022","13.645","13.795","14.075","13.625","14.39M","-0.91%"
"04/20/2022","13.630","13.685","13.810","13.585","11.33M","-0.11%"
"04/21/2022","13.675","13.650","13.790","13.585","7.64M","0.33%"
"04/22/2022","13.195","13.530","13.535","12.730","8.47M","-3.51%"
"04/25/2022","12.605","12.835","13.090","12.605","9.00M","-4.47%"
"04/26/2022","12.665","12.775","12.960","12.500","5.60M","0.48%"
"04/27/2022","12.910","12.595","12.985","12.595","7.25M","1.93%"
"04/28/2022","13.630","12.975","13.650","12.835","8.88M","5.58%"
"04/29/2022","14.285","13.765","14.330","13.650","18.80M","4.81%"
"05/02/2022","14.105","14.080","14.240","13.795","7.60M","-1.26%"
"05/03/2022","14.120","14.145","14.230","13.890","5.99M","0.11%"
"05/04/2022","14.285","14.055","14.545","14.040","7.56M","1.17%"
"05/05/2022","14.400","14.560","14.640","14.265","10.51M","0.81%"
"05/06/2022","14.835","14.400","14.940","14.345","10.33M","3.02%"
"05/09/2022","13.570","14.580","14.795","13.570","38.54M","-8.53%"
"05/10/2022","13.645","13.650","13.715","13.220","9.11M","0.55%"
"05/11/2022","14.255","13.725","14.255","13.725","5.50M","4.47%"
"05/12/2022","13.990","13.930","14.285","13.810","4.73M","-1.86%"
"05/13/2022","14.255","14.155","14.330","13.910","3.73M","1.89%"
"05/16/2022","14.120","14.055","14.250","13.980","5.53M","-0.95%"
"05/17/2022","14.565","14.500","14.795","14.350","6.02M","3.15%"
"05/18/2022","14.680","14.750","14.875","14.570","7.06M","0.79%"
"05/19/2022","14.440","14.610","14.865","14.365","5.23M","-1.63%"
"05/20/2022","14.410","14.595","14.750","14.405","4.48M","-0.21%"
"05/23/2022","14.660","14.730","14.840","14.460","8.54M","1.73%"
"05/24/2022","14.705","14.480","14.795","14.455","8.56M","0.31%"
"05/25/2022","15.020","14.800","15.150","14.780","13.55M","2.14%"
"05/26/2022","14.955","15.000","15.105","14.805","7.77M","-0.43%"
"05/27/2022","14.990","15.020","15.030","14.705","7.98M","0.23%"
"05/30/2022","14.845","14.940","15.065","14.670","10.92M","-0.97%"
"05/31/2022","14.995","14.950","15.310","14.940","14.16M","1.01%"
"06/01/2022","14.855","15.055","15.190","14.840","10.11M","-0.93%"
"06/02/2022","14.960","14.940","15.055","14.635","4.55M","0.71%"
"06/03/2022","15.160","15.000","15.160","14.840","3.11M","1.34%"
"06/06/2022","15.415","15.320","15.450","15.230","3.97M","1.68%"
"06/07/2022","15.950","15.400","16.045","15.390","6.94M","3.47%"
"06/08/2022","16.120","15.955","16.120","15.925","4.69M","1.07%"
"06/09/2022","15.715","15.950","16.230","15.670","6.12M","-2.51%"
"06/10/2022","15.485","15.735","15.895","15.330","7.60M","-1.46%"
"06/13/2022","15.190","15.270","15.380","14.955","8.95M","-1.91%"
"06/14/2022","15.345","15.210","15.585","15.035","4.94M","1.02%"
"06/15/2022","14.995","15.295","15.370","14.775","11.77M","-2.28%"
"06/16/2022","14.400","14.945","15.070","14.250","13.88M","-3.97%"
"06/17/2022","13.740","14.400","14.435","13.740","15.73M","-4.58%"
"06/20/2022","13.980","13.760","14.090","13.680","4.10M","1.75%"
"06/21/2022","14.270","14.180","14.330","14.070","6.85M","2.07%"
"06/22/2022","13.660","13.960","13.965","13.535","7.49M","-4.27%"
"06/23/2022","13.580","13.640","13.940","13.305","6.70M","-0.59%"
"06/24/2022","13.750","13.505","13.830","13.400","16.21M","1.25%"
"06/27/2022","13.805","13.795","14.000","13.595","9.03M","0.40%"
"06/28/2022","14.215","14.000","14.320","13.945","11.10M","2.97%"
"06/29/2022","14.190","14.215","14.410","14.135","11.51M","-0.18%"
"06/30/2022","14.050","14.040","14.235","13.925","4.36M","-0.99%"
"07/01/2022","13.480","13.900","14.080","13.415","5.83M","-4.06%"
"07/04/2022","13.830","13.835","13.950","13.730","4.92M","2.60%"
"07/05/2022","12.720","13.540","13.565","12.665","9.06M","-8.03%"
"07/06/2022","12.535","12.850","12.970","12.455","6.13M","-1.45%"
"07/07/2022","13.140","12.725","13.180","12.725","5.06M","4.83%"
"07/08/2022","12.980","13.100","13.365","12.855","14.03M","-1.22%"
"07/11/2022","12.910","12.805","13.015","12.700","16.45M","-0.54%"
"07/12/2022","12.170","12.880","12.990","12.085","24.39M","-5.73%"
"07/13/2022","12.160","12.075","12.290","11.845","22.61M","-0.08%"
"07/14/2022","11.800","12.130","12.210","11.625","12.45M","-2.96%"
"07/15/2022","11.885","11.955","12.030","11.735","5.68M","0.72%"
"07/18/2022","12.060","12.005","12.285","11.945","3.85M","1.47%"
"07/19/2022","12.110","12.000","12.120","11.915","5.73M","0.41%"
"07/20/2022","12.090","12.265","12.265","11.985","2.46M","-0.17%"
"07/21/2022","11.780","12.105","12.140","11.645","6.65M","-2.56%"
"07/22/2022","12.030","11.900","12.070","11.740","4.65M","2.12%"
"07/25/2022","12.240","11.945","12.240","11.810","2.92M","1.75%"
"07/26/2022","12.365","12.395","12.530","12.295","4.12M","1.02%"
"07/27/2022","12.525","12.385","12.620","12.340","9.07M","1.29%"
"07/28/2022","11.915","12.600","12.600","11.650","9.92M","-4.87%"
"07/29/2022","12.125","12.100","12.235","11.990","7.36M","1.76%"
"08/01/2022","11.850","12.100","12.200","11.820","4.63M","-2.27%"
"08/02/2022","11.875","11.820","12.000","11.760","4.32M","0.21%"
"08/03/2022","11.925","11.850","12.150","11.760","4.28M","0.42%"
"08/04/2022","11.785","11.885","12.135","11.775","4.51M","-1.17%"
"08/05/2022","11.835","11.780","11.895","11.535","5.02M","0.42%"
"08/08/2022","12.000","11.905","12.115","11.825","11.93M","1.39%"
"08/09/2022","12.425","12.040","12.480","11.950","5.23M","3.54%"
"08/10/2022","12.265","12.350","12.480","12.180","6.93M","-1.29%"
"08/11/2022","12.530","12.350","12.585","12.345","4.52M","2.16%"
"08/12/2022","12.650","12.575","12.900","12.570","4.78M","0.96%"
"08/15/2022","12.350","12.725","12.735","12.205","4.00M","-2.37%"
"08/16/2022","12.615","12.430","12.780","12.405","5.63M","2.15%"
"08/17/2022","12.660","12.525","12.680","12.425","3.52M","0.36%"
"08/18/2022","12.995","12.700","13.040","12.680","4.77M","2.65%"
"08/19/2022","13.075","13.000","13.180","12.915","4.75M","0.62%"
"08/22/2022","13.210","12.920","13.285","12.835","4.11M","1.03%"
"08/23/2022","13.690","13.220","13.730","13.220","5.47M","3.63%"
"08/24/2022","13.255","13.600","13.690","13.230","4.30M","-3.18%"
"08/25/2022","13.405","13.455","13.610","13.405","3.38M","1.13%"
"08/26/2022","13.430","13.415","13.545","13.390","3.72M","0.19%"
"08/29/2022","13.630","13.430","13.650","13.225","2.85M","1.49%"
"08/30/2022","13.195","13.700","13.815","13.165","4.70M","-3.19%"
"08/31/2022","12.985","13.195","13.220","12.660","11.07M","-1.59%"
"09/01/2022","12.885","12.865","13.005","12.785","3.80M","-0.77%"
"09/02/2022","13.380","12.995","13.440","12.900","4.96M","3.84%"
"09/05/2022","13.685","13.340","13.765","13.340","4.90M","2.28%"
"09/06/2022","13.475","13.830","13.840","13.440","4.31M","-1.53%"
"09/07/2022","12.930","13.550","13.665","12.930","7.81M","-4.04%"
"09/08/2022","12.825","13.035","13.115","12.780","4.26M","-0.81%"
"09/09/2022","13.110","12.850","13.170","12.835","3.27M","2.22%"
"09/12/2022","13.150","13.110","13.445","13.085","11.62M","0.31%"
"09/13/2022","12.900","13.235","13.250","12.785","6.02M","-1.90%"
"09/14/2022","12.850","12.800","13.035","12.710","5.50M","-0.39%"
"09/15/2022","12.330","12.880","12.930","12.245","9.20M","-4.05%"
"09/16/2022","11.960","12.300","12.385","11.885","10.61M","-3.00%"
"09/19/2022","12.085","11.860","12.155","11.705","4.63M","1.05%"
"09/20/2022","11.950","12.115","12.195","11.900","4.28M","-1.12%"
"09/21/2022","11.880","12.045","12.370","11.850","7.81M","-0.59%"
"09/22/2022","12.000","11.805","12.155","11.765","4.34M","1.01%"
"09/23/2022","11.360","11.875","11.920","11.185","7.00M","-5.33%"
"09/26/2022","11.330","11.085","11.470","11.050","5.75M","-0.26%"
"09/27/2022","11.600","11.330","11.705","11.320","5.21M","2.38%"
"09/28/2022","11.800","11.465","11.905","11.330","5.63M","1.72%"
"09/29/2022","11.735","11.860","11.865","11.465","4.95M","-0.55%"
"09/30/2022","11.805","11.835","11.995","11.680","4.07M","0.60%"
"10/03/2022","12.205","11.840","12.250","11.835","4.66M","3.39%"
"10/04/2022","12.410","12.320","12.630","12.205","6.62M","1.68%"
"10/05/2022","12.730","12.380","12.800","12.195","5.22M","2.58%"
"10/06/2022","12.575","12.630","12.890","12.420","4.75M","-1.22%"
"10/07/2022","12.690","12.720","12.740","12.450","3.65M","0.91%"
"10/10/2022","12.450","12.550","12.745","12.400","3.52M","-1.89%"
"10/11/2022","12.175","12.300","12.350","11.925","5.71M","-2.21%"
"10/12/2022","12.120","12.275","12.465","12.025","4.33M","-0.45%"
"10/13/2022","12.665","12.095","12.740","12.095","4.15M","4.50%"
"10/14/2022","12.510","12.795","12.995","12.495","5.20M","-1.22%"
"10/17/2022","12.745","12.510","12.995","12.510","5.59M","1.88%"
"10/18/2022","12.650","12.800","12.890","12.620","3.73M","-0.75%"
"10/19/2022","12.930","12.770","12.930","12.675","3.39M","2.21%"
"10/20/2022","13.180","12.950","13.395","12.900","4.44M","1.93%"
"10/21/2022","13.220","13.150","13.230","12.960","4.48M","0.30%"
"10/24/2022","13.300","13.155","13.415","12.970","3.96M","0.61%"
"10/25/2022","13.095","13.340","13.375","13.075","6.67M","-1.54%"
"10/26/2022","13.185","13.075","13.205","12.965","4.61M","0.69%"
"10/27/2022","13.840","13.290","13.885","13.250","11.33M","4.97%"
"10/28/2022","13.780","13.625","13.965","13.560","7.49M","-0.43%"
"10/31/2022","13.745","13.735","13.895","13.495","5.38M","-0.25%"
"11/01/2022","14.015","13.900","14.120","13.820","3.50M","1.96%"
"11/02/2022","13.835","14.060","14.125","13.740","3.76M","-1.28%"
"11/03/2022","14.035","13.770","14.095","13.675","3.59M","1.45%"
"11/04/2022","14.295","14.120","14.470","14.020","5.42M","1.85%"
"11/07/2022","14.300","14.230","14.420","14.185","7.53M","0.03%"
"11/08/2022","14.095","14.190","14.240","14.070","4.22M","-1.43%"
"11/09/2022","13.940","14.130","14.180","13.860","4.51M","-1.10%"
"11/10/2022","13.650","13.835","14.045","13.575","4.55M","-2.08%"
"11/11/2022","13.760","13.665","13.890","13.550","4.19M","0.81%"
"11/14/2022","13.845","13.680","13.900","13.635","3.34M","0.62%"
"11/15/2022","14.035","13.805","14.050","13.805","4.06M","1.37%"
"11/16/2022","14.100","14.050","14.295","14.040","3.57M","0.46%"
"11/17/2022","13.830","14.000","14.095","13.790","3.56M","-1.91%"
"11/18/2022","13.795","13.895","14.130","13.605","4.47M","-0.25%"
"11/21/2022","13.405","13.735","13.930","13.340","4.88M","-2.83%"
"11/22/2022","14.320","13.780","14.330","13.775","7.22M","6.83%"
"11/23/2022","14.295","14.370","14.640","14.210","4.81M","-0.17%"
"11/24/2022","14.455","14.320","14.490","14.210","2.69M","1.12%"
"11/25/2022","14.670","14.430","14.690","14.430","3.63M","1.49%"
"11/28/2022","14.390","14.340","14.450","14.215","4.52M","-1.91%"
"11/29/2022","14.635","14.500","14.855","14.495","7.99M","1.70%"
"11/30/2022","14.800","14.695","14.895","14.450","15.40M","1.13%"
"12/01/2022","14.815","14.790","14.905","14.710","4.37M","0.10%"
"12/02/2022","14.620","14.615","14.735","14.520","4.29M","-1.32%"
"12/05/2022","14.615","14.600","14.770","14.525","3.67M","-0.03%"
"12/06/2022","14.520","14.505","14.590","14.305","3.87M","-0.65%"
"12/07/2022","14.130","14.365","14.380","14.130","6.14M","-2.69%"
"12/08/2022","14.185","14.180","14.415","14.155","4.18M","0.39%"
"12/09/2022","14.150","14.170","14.225","13.950","4.45M","-0.25%"
"12/12/2022","14.180","14.055","14.260","13.990","4.32M","0.21%"
"12/13/2022","14.330","14.300","14.435","14.250","5.21M","1.06%"
"12/14/2022","14.345","14.280","14.525","14.215","5.30M","0.10%"
"12/15/2022","14.220","14.290","14.450","14.195","5.06M","-0.87%"
"12/16/2022","13.990","14.200","14.330","13.990","12.81M","-1.62%"
"12/19/2022","14.220","14.080","14.340","14.040","4.65M","1.64%"
"12/20/2022","14.430","14.120","14.520","14.020","4.14M","1.48%"
"12/21/2022","14.745","14.500","14.900","14.450","4.70M","2.18%"
"12/22/2022","14.770","14.770","14.960","14.720","3.44M","0.17%"
"12/23/2022","14.820","14.720","14.880","14.650","2.57M","0.34%"
"12/27/2022","15.050","14.930","15.180","14.860","5.12M","1.55%"
"12/28/2022","14.950","15.075","15.265","14.850","3.87M","-0.66%"
"12/29/2022","14.985","14.855","15.005","14.790","2.38M","0.23%"
"12/30/2022","14.850","14.990","15.015","14.790","5.28M","-0.90%"
"01/02/2023","15.190","14.950","15.230","14.920","7.78M","2.29%"
"01/03/2023","14.850","15.225","15.375","14.820","22.03M","-2.24%"
"01/04/2023","14.455","14.770","14.780","14.355","41.05M","-2.66%"
"01/05/2023","14.765","14.510","14.800","14.430","8.45M","2.14%"
"01/06/2023","15.175","14.840","15.195","14.795","4.98M","2.78%"
"01/09/2023","14.820","14.800","15.115","14.800","3.78M","-2.34%"
"01/10/2023","14.790","14.770","15.000","14.760","2.68M","-0.20%"
"01/11/2023","14.740","14.895","14.940","14.665","3.42M","-0.34%"
"01/12/2023","14.870","14.790","15.040","14.735","3.97M","0.88%"
"01/13/2023","14.900","14.875","15.040","14.855","2.78M","0.20%"
"01/16/2023","14.815","14.995","15.120","14.745","2.85M","-0.57%"
"01/17/2023","14.930","14.820","15.010","14.680","32.37M","0.78%"
"01/18/2023","15.210","15.000","15.275","14.995","9.08M","1.88%"
"01/19/2023","15.140","15.000","15.185","14.845","29.10M","-0.46%"
"01/20/2023","15.355","15.250","15.355","15.130","3.84M","1.42%"
"01/23/2023","15.530","15.315","15.540","15.280","3.36M","1.14%"
"01/24/2023","15.290","15.530","15.540","15.235","3.25M","-1.55%"
"01/25/2023","15.035","15.175","15.300","14.945","6.38M","-1.67%"
"01/26/2023","15.180","15.105","15.180","14.950","4.61M","0.96%"
"01/27/2023","15.265","15.195","15.410","15.195","3.24M","0.56%"
"01/30/2023","15.130","15.100","15.210","14.950","4.32M","-0.88%"
"01/31/2023","15.090","15.120","15.135","14.910","3.28M","-0.26%"
"02/01/2023","14.975","15.265","15.315","14.960","4.14M","-0.76%"
"02/02/2023","14.535","14.960","14.960","14.535","17.97M","-2.94%"
"02/03/2023","14.420","14.500","14.710","14.390","9.78M","-0.79%"
"02/06/2023","14.195","14.450","14.500","14.150","8.52M","-1.56%"
"02/07/2023","14.435","14.325","14.435","14.215","12.34M","1.69%"
"02/08/2023","14.735","14.555","14.930","14.510","11.13M","2.08%"
"02/09/2023","14.720","14.790","14.940","14.620","3.80M","-0.10%"
"02/10/2023","15.320","14.730","15.320","14.690","7.45M","4.08%"
"02/13/2023","15.270","15.320","15.410","15.180","4.10M","-0.33%"
"02/14/2023","15.425","15.350","15.470","15.195","4.27M","1.02%"
"02/15/2023","15.340","15.390","15.540","15.280","4.48M","-0.55%"
"02/16/2023","15.405","15.500","15.510","14.760","14.80M","0.42%"
"02/17/2023","15.015","15.310","15.510","14.940","6.13M","-2.53%"
"02/20/2023","14.970","15.040","15.155","14.950","2.21M","-0.30%"
"02/21/2023","14.745","14.950","15.000","14.725","3.90M","-1.50%"
"02/22/2023","14.735","14.740","14.795","14.530","3.27M","-0.07%"
"02/23/2023","14.925","14.685","15.050","14.625","4.11M","1.29%"
"02/24/2023","14.850","15.000","15.100","14.750","2.56M","-0.50%"
"02/27/2023","14.945","14.935","15.045","14.845","8.94M","0.64%"
"02/28/2023","15.005","14.960","15.170","14.860","5.29M","0.40%"
"03/01/2023","15.190","15.070","15.260","15.070","3.23M","1.23%"
"03/02/2023","15.280","15.230","15.285","15.145","4.53M","0.59%"
"03/03/2023","15.290","15.290","15.330","14.960","2.96M","0.07%"
"03/06/2023","15.435","15.300","15.520","15.300","3.56M","0.95%"
"03/07/2023","15.420","15.500","15.540","15.420","9.60M","-0.10%"
"03/08/2023","15.320","15.365","15.410","15.210","3.29M","-0.65%"
"03/09/2023","15.080","15.345","15.345","15.030","3.30M","-1.57%"
"03/10/2023","14.955","14.950","14.990","14.805","4.00M","-0.83%"
"03/13/2023","14.240","14.920","14.930","14.150","6.32M","-4.78%"
"03/14/2023","14.390","14.105","14.490","13.880","6.96M","1.05%"
"03/15/2023","13.390","14.395","14.395","13.390","8.64M","-6.95%"
"03/16/2023","13.305","13.535","13.640","13.030","7.34M","-0.63%"
"03/17/2023","13.485","13.480","13.835","13.320","9.09M","1.35%"
"03/20/2023","13.735","13.270","13.815","13.075","6.14M","1.85%"
"03/21/2023","14.145","14.020","14.360","13.865","4.67M","2.99%"
"03/22/2023","14.260","14.110","14.300","14.100","9.67M","0.81%"
"03/23/2023","14.120","14.205","14.280","14.065","2.85M","-0.98%"
"03/24/2023","13.790","14.050","14.055","13.435","4.57M","-2.34%"
"03/27/2023","13.940","13.970","14.065","13.695","10.57M","1.09%"
"03/28/2023","14.220","14.150","14.305","14.125","4.22M","2.01%"
"03/29/2023","14.290","14.285","14.395","14.165","8.32M","0.49%"
"03/30/2023","14.270","14.290","14.450","14.175","7.19M","-0.14%"
"03/31/2023","14.185","14.280","14.360","14.120","4.33M","-0.60%"
"04/03/2023","14.425","14.515","14.710","14.415","5.40M","1.69%"
"04/04/2023","13.960","14.525","14.540","13.910","5.55M","-3.22%"
"04/05/2023","14.055","13.930","14.075","13.825","8.42M","0.68%"
"04/06/2023","14.060","14.060","14.185","13.990","2.42M","0.04%"
"04/11/2023","14.105","14.155","14.295","14.010","2.13M","0.32%"
"04/12/2023","13.840","14.220","14.235","13.775","5.02M","-1.88%"
"04/13/2023","13.980","13.860","14.030","13.735","4.48M","1.01%"
"04/14/2023","13.830","14.000","14.040","13.805","3.96M","-1.07%"
"04/17/2023","13.985","13.940","14.140","13.855","3.61M","1.12%"
"04/18/2023","13.700","13.760","13.870","13.620","8.80M","-2.04%"
"04/19/2023","13.535","13.610","13.715","13.445","4.23M","-1.20%"
"04/20/2023","13.310","13.500","13.580","13.300","5.29M","-1.66%"
"04/21/2023","13.340","13.365","13.365","13.185","5.26M","0.23%"
"04/24/2023","13.615","13.200","13.670","13.140","7.62M","2.06%"
"04/25/2023","13.600","13.615","13.800","13.530","3.20M","-0.11%"
"04/26/2023","13.730","13.560","13.780","13.560","3.52M","0.96%"
"04/27/2023","13.175","13.495","13.600","13.155","5.65M","-4.04%"
"04/28/2023","13.345","13.300","13.385","13.060","5.52M","1.29%"
"05/02/2023","12.715","13.265","13.300","12.695","14.29M","-4.72%"
"05/03/2023","12.525","12.735","12.870","12.455","7.79M","-1.49%"
"05/04/2023","12.720","12.610","12.830","12.605","5.93M","1.56%"
"05/05/2023","13.000","12.785","13.125","12.770","3.91M","2.20%"
"05/08/2023","13.125","13.075","13.245","13.070","2.40M","0.96%"
"05/09/2023","13.010","13.045","13.090","12.905","3.90M","-0.88%"
"05/10/2023","13.105","13.100","13.220","12.970","5.87M","0.73%"
"05/11/2023","13.060","13.040","13.175","12.920","5.37M","-0.34%"
"05/12/2023","13.160","12.920","13.275","12.920","3.67M","0.77%"
"05/15/2023","13.295","13.205","13.305","13.115","2.29M","1.03%"
"05/16/2023","13.220","13.265","13.430","13.165","4.27M","-0.56%"
"05/17/2023","13.240","12.880","13.290","12.810","3.84M","0.15%"
"05/18/2023","13.370","13.355","13.435","13.295","2.62M","0.98%"
"05/19/2023","13.370","13.405","13.535","13.370","2.62M","0.00%"
"05/22/2023","13.370","13.335","13.425","13.310","2.57M","0.00%"
"05/23/2023","13.345","13.395","13.395","13.140","2.78M","-0.19%"
"05/24/2023","13.385","13.360","13.420","13.180","3.84M","0.30%"
"05/25/2023","13.010","13.385","13.385","13.010","3.19M","-2.80%"
"05/26/2023","13.075","13.115","13.130","12.920","1.81M","0.50%"
"05/29/2023","13.165","13.160","13.255","13.115","1.39M","0.69%"
"05/30/2023","12.865","13.190","13.215","12.865","3.46M","-2.28%"
"05/31/2023","12.690","12.820","12.925","12.570","9.77M","-1.36%"
"06/01/2023","12.995","12.750","13.020","12.700","3.63M","2.40%"
"06/02/2023","13.370","13.100","13.450","13.070","4.63M","2.89%"
"06/05/2023","13.250","13.490","13.575","13.250","3.64M","-0.90%"
"06/06/2023","13.300","13.200","13.325","13.035","2.96M","0.38%"
"06/07/2023","13.470","13.265","13.535","13.250","7.20M","1.28%"
"06/08/2023","13.490","13.500","13.690","13.450","2.82M","0.15%"
"06/09/2023","13.490","13.490","13.540","13.390","2.76M","0.00%"
"06/12/2023","13.355","13.480","13.490","13.300","3.41M","-1.00%"
"06/13/2023","13.555","13.375","13.680","13.365","3.97M","1.50%"
"06/14/2023","13.545","13.520","13.750","13.485","4.15M","-0.07%"
"06/15/2023","13.570","13.530","13.700","13.430","6.56M","0.18%"
"06/16/2023","13.690","13.615","13.790","13.585","8.77M","0.88%"
"06/19/2023","13.615","13.615","13.805","13.570","2.60M","-0.55%"
"06/20/2023","13.340","13.600","13.685","13.275","13.92M","-2.02%"
"06/21/2023","13.445","13.400","13.530","13.105","3.63M","0.79%"
"06/22/2023","13.250","13.290","13.460","13.200","2.59M","-1.45%"
"06/23/2023","12.950","13.150","13.220","12.920","23.04M","-2.26%"
"06/26/2023","13.090","13.065","13.110","12.815","12.32M","1.08%"
"06/27/2023","13.065","13.195","13.230","12.880","2.66M","-0.19%"
"06/28/2023","13.145","13.015","13.180","12.960","3.82M","0.61%"
"06/29/2023","13.280","13.150","13.325","13.130","5.78M","1.03%"
"06/30/2023","13.330","13.350","13.485","13.285","3.28M","0.38%"
"07/03/2023","13.635","13.460","13.710","13.375","4.65M","2.29%"
"07/04/2023","13.255","13.175","13.295","13.095","2.44M","-2.79%"
"07/05/2023","13.165","13.190","13.260","13.070","3.29M","-0.68%"
"07/06/2023","12.870","13.035","13.120","12.835","3.64M","-2.24%"
"07/07/2023","12.745","12.760","12.820","12.480","7.16M","-0.97%"
"07/10/2023","12.725","12.815","12.925","12.700","2.75M","-0.16%"
"07/11/2023","12.880","12.715","12.900","12.675","5.17M","1.22%"
"07/12/2023","12.920","12.875","13.135","12.765","25.74M","0.31%"
"07/13/2023","13.030","12.950","13.215","12.930","3.22M","0.85%"
"07/14/2023","12.635","13.000","13.005","12.585","4.23M","-3.03%"
"07/17/2023","12.675","12.595","12.865","12.510","10.15M","0.32%"
"07/18/2023","12.835","12.625","12.835","12.565","2.11M","1.26%"
"07/19/2023","12.955","12.745","12.985","12.715","2.95M","0.93%"
"07/20/2023","13.300","12.945","13.365","12.945","7.94M","2.66%"
"07/21/2023","13.520","13.400","13.535","13.285","11.00M","1.65%"
"07/24/2023","13.890","13.335","13.935","13.300","4.60M","2.74%"
"07/25/2023","13.700","13.980","13.980","13.670","17.60M","-1.37%"
"07/26/2023","13.795","13.705","13.820","13.585","20.33M","0.69%"
"07/27/2023","13.680","13.715","14.015","13.680","10.40M","-0.83%"
"07/28/2023","13.740","13.645","13.850","13.600","4.11M","0.44%"
"07/31/2023","13.900","13.815","14.025","13.745","4.83M","1.16%"
"08/01/2023","13.705","13.855","13.985","13.620","3.49M","-1.40%"
"08/02/2023","13.570","13.670","13.850","13.570","9.42M","-0.99%"
"08/03/2023","13.645","13.560","13.670","13.360","5.36M","0.55%"
"08/04/2023","13.770","13.680","13.845","13.680","2.73M","0.92%"
"08/07/2023","13.810","13.900","13.955","13.705","1.98M","0.29%"
"08/08/2023","13.690","13.720","13.745","13.430","2.47M","-0.87%"
"08/09/2023","13.985","13.800","14.080","13.800","3.07M","2.15%"
"08/10/2023","14.145","14.070","14.215","14.030","2.54M","1.14%"
"08/11/2023","14.110","14.040","14.110","13.895","2.25M","-0.25%"
"08/14/2023","13.855","13.910","13.990","13.805","4.94M","-1.81%"
"08/15/2023","13.750","13.900","13.950","13.680","2.71M","-0.76%"
"08/16/2023","13.725","13.710","13.835","13.650","2.49M","-0.18%"
"08/17/2023","13.815","13.660","13.850","13.660","1.86M","0.66%"
"08/18/2023","13.860","13.715","13.890","13.660","2.63M","0.33%"
"08/21/2023","14.005","13.895","14.140","13.895","2.93M","1.05%"
"08/22/2023","13.915","13.980","14.075","13.915","1.55M","-0.64%"
"08/23/2023","13.720","13.965","13.965","13.500","3.04M","-1.40%"
"08/24/2023","13.850","13.720","13.890","13.710","2.75M","0.95%"
"08/25/2023","14.075","13.855","14.165","13.855","3.42M","1.62%"
"08/28/2023","14.260","14.190","14.335","14.175","479.92K","1.31%"
"08/29/2023","14.365","14.260","14.495","14.260","21.44M","0.74%"
"08/30/2023","14.400","14.445","14.500","14.355","3.37M","0.24%"
"08/31/2023","14.220","14.415","14.450","14.220","8.26M","-1.25%"
"09/01/2023","14.710","14.460","14.835","14.420","5.51M","3.45%"
"09/04/2023","14.650","14.800","14.810","14.620","4.55M","-0.41%"
"09/05/2023","14.715","14.610","14.890","14.520","4.13M","0.44%"
"09/06/2023","14.595","14.665","14.760","14.545","2.93M","-0.82%"
"09/07/2023","14.625","14.575","14.690","14.520","3.02M","0.21%"
"09/08/2023","14.900","14.615","14.900","14.555","3.54M","1.88%"
"09/11/2023","15.075","14.885","15.130","14.885","4.47M","1.17%"
"09/12/2023","15.130","14.795","15.170","14.690","4.35M","0.36%"
"09/13/2023","15.050","15.100","15.285","14.995","3.12M","-0.53%"
"09/14/2023","15.285","15.040","15.330","15.035","3.75M","1.56%"
"09/15/2023","15.260","15.330","15.450","15.225","6.82M","-0.16%"
"09/18/2023","15.385","15.265","15.470","15.265","2.89M","0.82%"
"09/19/2023","15.485","15.415","15.540","15.355","3.60M","0.65%"
"09/20/2023","15.365","15.450","15.540","15.340","4.19M","-0.77%"
"09/21/2023","15.650","15.360","15.860","15.210","10.21M","1.85%"
"09/22/2023","15.620","15.600","15.870","15.540","14.20M","-0.19%"
"09/25/2023","15.625","15.585","15.780","15.460","3.31M","0.03%"
"09/26/2023","15.430","15.520","15.555","15.285","4.24M","-1.25%"
"09/27/2023","15.565","15.470","15.620","15.450","4.81M","0.87%"
"09/28/2023","15.730","15.650","15.800","15.620","3.36M","1.06%"
"09/29/2023","15.570","15.595","15.740","15.550","3.86M","-1.02%"
"10/02/2023","15.345","15.650","15.710","15.305","3.93M","-1.45%"
"10/03/2023","15.015","15.265","15.485","15.010","5.61M","-2.15%"
"10/04/2023","14.405","15.040","15.140","14.360","13.69M","-4.06%"
"10/05/2023","14.390","14.420","14.485","14.140","5.10M","-0.10%"
"10/06/2023","14.210","14.250","14.525","14.070","4.19M","-1.25%"
"10/09/2023","14.535","14.525","14.770","14.465","4.47M","2.29%"
"10/10/2023","14.705","14.560","14.715","14.390","3.98M","1.17%"
"10/11/2023","14.525","14.740","15.015","14.510","4.56M","-1.22%"
"10/12/2023","14.595","14.625","14.770","14.560","3.21M","0.48%"
"10/13/2023","14.790","14.725","14.995","14.725","3.25M","1.34%"
"10/16/2023","14.925","14.900","15.005","14.815","3.15M","0.91%"
"10/17/2023","14.960","14.870","15.025","14.870","2.23M","0.23%"
"10/18/2023","15.140","15.170","15.205","15.060","3.82M","1.20%"
"10/19/2023","14.990","15.120","15.205","14.850","2.95M","-0.99%"
"10/20/2023","14.885","14.930","15.060","14.835","4.25M","-0.70%"
"10/23/2023","14.715","14.675","14.790","14.575","2.75M","-1.14%"
"10/24/2023","14.445","14.635","14.780","14.340","3.25M","-1.83%"
"10/25/2023","14.450","14.445","14.500","14.255","5.69M","0.03%"
"10/26/2023","14.235","14.310","14.475","13.970","5.12M","-1.49%"
"10/27/2023","13.950","14.250","14.400","13.950","3.32M","-2.00%"
"10/30/2023","14.165","13.950","14.240","13.850","3.08M","1.54%"
"10/31/2023","13.825","14.195","14.195","13.770","3.85M","-2.40%"
"11/01/2023","13.900","13.850","14.020","13.780","2.18M","0.54%"
"11/02/2023","14.010","13.945","14.080","13.840","3.72M","0.79%"
"11/03/2023","13.770","14.155","14.175","13.715","3.75M","-1.71%"
"11/06/2023","13.845","13.770","13.910","13.765","2.86M","0.54%"
"11/07/2023","13.445","13.605","13.695","13.400","5.05M","-2.89%"
"11/08/2023","13.390","13.400","13.535","13.345","3.18M","-0.41%"
"11/09/2023","13.530","13.440","13.600","13.355","3.12M","1.05%"
"11/10/2023","13.645","13.540","13.770","13.540","2.44M","0.85%"
"11/13/2023","13.820","13.700","13.865","13.640","2.47M","1.28%"
"11/14/2023","13.835","13.900","13.945","13.710","2.40M","0.11%"
"11/15/2023","13.915","13.835","13.965","13.720","3.37M","0.58%"
"11/16/2023","13.590","13.910","13.925","13.565","5.39M","-2.34%"
"11/17/2023","13.795","13.625","13.880","13.605","6.81M","1.51%"
"11/20/2023","13.935","13.890","13.975","13.800","2.74M","1.01%"
"11/21/2023","13.865","13.895","13.920","13.760","2.82M","-0.50%"
"11/22/2023","13.780","13.900","13.930","13.700","4.40M","-0.61%"
"11/23/2023","13.965","13.920","13.980","13.840","2.42M","1.34%"
"11/24/2023","14.135","13.950","14.155","13.940","3.15M","1.22%"
"11/27/2023","14.100","14.045","14.235","14.000","3.47M","-0.25%"
"11/28/2023","14.155","14.070","14.185","14.045","2.75M","0.39%"
"11/29/2023","14.025","14.055","14.160","14.015","2.88M","-0.92%"
"11/30/2023","14.040","14.130","14.430","14.040","9.09M","0.11%"
"12/01/2023","14.180","14.115","14.205","14.065","2.73M","1.00%"
"12/04/2023","13.915","14.000","14.075","13.860","3.98M","-1.87%"
"12/05/2023","13.970","13.860","14.040","13.860","3.61M","0.40%"
"12/06/2023","13.895","14.000","14.120","13.895","4.36M","-0.54%"
"12/07/2023","13.805","13.850","13.920","13.800","2.78M","-0.65%"
"12/08/2023","13.940","13.815","13.995","13.770","3.14M","0.98%"
"12/11/2023","13.815","13.960","14.010","13.805","2.10M","-0.90%"
"12/12/2023","13.500","13.810","13.880","13.500","4.35M","-2.28%"
"12/13/2023","13.230","13.410","13.420","13.160","13.51M","-2.00%"
"12/14/2023","13.430","13.335","13.520","13.225","5.37M","1.51%"
"12/15/2023","13.345","13.520","13.625","13.325","13.43M","-0.63%"
"12/18/2023","13.575","13.355","13.670","13.335","11.14M","1.72%"
"12/19/2023","13.570","13.475","13.570","13.445","2.92M","-0.04%"
"12/20/2023","13.690","13.605","13.780","13.540","3.60M","0.88%"
"12/21/2023","13.620","13.625","13.660","13.465","2.12M","-0.51%"
"12/22/2023","13.635","13.690","13.740","13.590","16.17M","0.11%"
"12/27/2023","13.780","13.620","13.785","13.615","2.61M","1.06%"
"12/28/2023","13.470","13.730","13.750","13.465","2.91M","-2.25%"
"12/29/2023","13.450","13.430","13.530","13.365","2.33M","-0.15%"